ble_id,mcsp,field,unit,passive_stream,ble_request_result,status,answered_as,sweep_2026_08_12,usb_2026_08_21
80-81,0x0081,Battery.SERIAL_NUMBER,,yes,value,,READ_RESPONSE,value,value
80-82,0x0082,Battery.PART_NUMBER,,yes,value,,READ_RESPONSE,value,value
80-83,0x0083,Battery.PRODUCT_CODE,,yes,value,,READ_RESPONSE,value,value
80-84,0x0084,Battery.HARDWARE_VERSION,,yes,value,,READ_RESPONSE,value,value
80-85,0x0085,Battery.HARDWARE_SOFTWARE_VERSION,,yes,value,,READ_RESPONSE,value,value
80-86,0x0086,Battery.SOFTWARE_VERSION,,yes,value,,READ_RESPONSE,value,value
80-87,0x0087,Battery.BOOTLOADER_SOFTWARE_VERSION,,yes,value,,READ_RESPONSE,value,value
80-88,0x0088,Battery.STATE_OF_CHARGE,%,yes,value,,READ_RESPONSE,value,value
80-89,0x0089,Battery.CHARGER_CONNECTED,,,supported-empty,,READ_RESPONSE,supported-empty,value
80-8A,0x008A,Battery.CHARGING_ACTIVE,,yes,supported-empty,,READ_RESPONSE,supported-empty,value
80-8B,0x008B,Battery.PRESENT_PACK_TEMPERATURE,°C,yes,value,,READ_RESPONSE,value,value
80-8C,0x008C,Battery.PRESENT_CELL_VOLTAGE,V,,not-available,DENIED,READ_RESPONSE,refused,value
80-8D,0x008D,Battery.REQUEST_SHUTDOWN,,,command (not tested),,,,DENIED
80-8E,0x008E,Battery.PREPARE_SHUTDOWN,,yes,supported-empty,,READ_RESPONSE,supported-empty,DENIED
80-8F,0x008F,Battery.NO_SHUTDOWN,,,command (not tested),,,,DENIED
80-90,0x0090,Battery.WAKEUP_REASON,,,command (not tested),DENIED,READ_RESPONSE,refused,DENIED
80-91,0x0091,Battery.REMAINING_ENERGY_FOR_RIDER,Wh,yes,value,,READ_RESPONSE,value,value
80-92,0x0092,Battery.REMAINING_ENERGY,Wh,yes,value,,READ_RESPONSE,value,value
80-93,0x0093,Battery.MAXIMUM_ALLOWED_DISCHARGE_CURRENT,A,,value,,READ_RESPONSE,value,DENIED
80-94,0x0094,Battery.PRESENT_DISCHARGE_CURRENT,A,,not-available,DENIED,READ_RESPONSE,refused,DENIED
80-95,0x0095,Battery.REMAINING_CHARGING_TIME,min,,not-available,DENIED,READ_RESPONSE,refused,DENIED
80-96,0x0096,Battery.NUMBER_OF_FULL_CHARGE_CYCLES,,yes,value,,READ_RESPONSE,value,value
80-97,0x0097,Battery.COMPONENT_LOCK_CONFIGURATION,,yes,value,,READ_RESPONSE,value,value
80-98,0x0098,Battery.COMPONENT_LOCKED,,yes,supported-empty,,SUBSCRIBE_RESPONSE,supported-empty,value
80-99,0x0099,Battery.COMPONENT_DEACTIVATION_PROOF,,,command (not tested),,,,value
80-9A,0x009A,Battery.COMPONENT_DEACTIVATION_ENABLED,,,command (not tested),,,,value
80-9B,0x009B,Battery.PRODUCT_NAME,,yes,value,,READ_RESPONSE,value,value
80-9C,0x009C,Battery.DELIVERED_WH_OVER_LIFETIME,Wh,yes,value,,READ_RESPONSE,value,value
80-9D,0x009D,Battery.DURATION_IN_THERMAL_PROTECTION,s,,not-available,DENIED,READ_RESPONSE,refused,value
80-9E,0x009E,Battery.LAST_END_OF_CHARGE_VOLTAGE,V,,not-available,DENIED,READ_RESPONSE,refused,DENIED
80-9F,0x009F,Battery.MAXIMUM_CHARGING_CURRENT,A,,not-available,DENIED,READ_RESPONSE,refused,value
80-A0,0x00A0,Battery.MAXIMUM_PACK_TEMPERATURE,°C,,not-available,DENIED,READ_RESPONSE,refused,value
80-A1,0x00A1,Battery.MINIMUM_PACK_TEMPERATURE,°C,,not-available,DENIED,READ_RESPONSE,refused,value
80-A2,0x00A2,Battery.SO_C_LOWER_LIMIT,%,,not-available,DENIED,READ_RESPONSE,refused,DENIED
80-A3,0x00A3,Battery.SO_C_UPPER_LIMIT,%,,not-available,DENIED,READ_RESPONSE,refused,DENIED
80-A4,0x00A4,Battery.MANUFACTURING_DATE,,yes,value,,READ_RESPONSE,value,value
80-A5,0x00A5,Battery.IS_SAMPLE_SOFTWARE,,,not-available,DENIED,READ_RESPONSE,refused,value
80-A6,0x00A6,Battery.IN_SOFTWARE_INSTALLATION_STATE,,,command (not tested),,,,value
80-A7,0x00A7,Battery.MAXIMUM_ALLOWED_REVERSE_CURRENT,A,,not-available,DENIED,READ_RESPONSE,refused,DENIED
80-A8,0x00A8,Battery.EXECUTE_INFORMATION_MANAGER_COMMAND_RIDER,,yes,command (not tested),,RPC_RESPONSE,value,DENIED
80-A9,0x00A9,Battery.EXECUTE_INFORMATION_MANAGER_COMMAND_IBD,,,command (not tested),,,,value
80-AA,0x00AA,Battery.EXECUTE_INFORMATION_MANAGER_COMMAND_OEM,,,command (not tested),,,,value
80-AB,0x00AB,Battery.EXECUTE_INFORMATION_MANAGER_COMMAND_SP,,,command (not tested),,,,value
80-AC,0x00AC,Battery.EXECUTE_INFORMATION_MANAGER_COMMAND_BOSCH,,,command (not tested),,,,value
80-AD,0x00AD,Battery.REPORT_ISSUE,,,not-available,DENIED,READ_RESPONSE,refused,DENIED
80-AE,0x00AE,Battery.ISSUE_EVENT,,,not-available,DENIED,READ_RESPONSE,refused,DENIED
80-AF,0x00AF,Battery.ISSUE_VISUALIZATION_EVENT,,yes,not-available,,SUBSCRIBE_RESPONSE,supported-empty,DENIED
80-B0,0x00B0,Battery.NUMBER_OF_FULL_CHARGE_CYCLES_ON_BIKE,cycles,yes,value,,READ_RESPONSE,value,DENIED
80-B1,0x00B1,Battery.NUMBER_OF_FULL_CHARGE_CYCLES_OFF_BIKE,cycles,yes,supported-empty,,READ_RESPONSE,supported-empty,DENIED
80-B4,0x00B4,Battery.TOTAL_ENERGY,Wh,yes,value,,READ_RESPONSE,value,value
80-B6,0x00B6,Battery.LIGHT_RESERVE_STATE,,yes,supported-empty,,READ_RESPONSE,supported-empty,DENIED
80-B7,0x00B7,Battery.TIME_IN_BALANCING,s,,not-available,DENIED,READ_RESPONSE,refused,DENIED
80-B8,0x00B8,Battery.ENABLE_LED_TEST_MODE,,,command (not tested),,,,value
80-B9,0x00B9,Battery.LED_TEST_PATTERN_ON,,,not-available,DENIED,READ_RESPONSE,refused,value
80-BA,0x00BA,Battery.ENABLE_BUTTON_TEST_MODE,,,command (not tested),,,,value
80-BB,0x00BB,Battery.BUTTON_PRESSED,,,not-available,DENIED,READ_RESPONSE,refused,value
80-BC,0x00BC,Battery.SYSTEM_STATE_OF_CHARGE_FOR_RIDER,%,yes,value,,READ_RESPONSE,value,DENIED
80-BD,0x00BD,Battery.DATA_MODEL_VERSION,,,not-available,DENIED,READ_RESPONSE,refused,DENIED
80-BE,0x00BE,Battery.FEATURE_PROPERTIES_RELEASE1,,yes,value,,READ_RESPONSE,value,value
80-BF,0x00BF,Battery.SERVICE_CHARGE_STATE,,,command (not tested),,,,value
80-C0,0x00C0,Battery.REQUEST_SERVICE_CHARGE,,,command (not tested),,,,DENIED
80-C1,0x00C1,Battery.DISCHARGE_DURATION,s,,not-available,DENIED,READ_RESPONSE,refused,DENIED
80-C2,0x00C2,Battery.FEATURE_PROPERTIES_RELEASE4,,yes,value,,READ_RESPONSE,value,DENIED
80-C3,0x00C3,Battery.PREVENT_SHUTDOWN,,,command (not tested),,,,DENIED
80-C4,0x00C4,Battery.INSTANCE_CHARGING_ACTIVE,,yes,supported-empty,,READ_RESPONSE,supported-empty,DENIED
80-C5,0x00C5,Battery.INSTANCE_REMAINING_ENERGY_FOR_RIDER,Wh,yes,value,,READ_RESPONSE,value,DENIED
80-C6,0x00C6,Battery.INSTANCE_MAXIMUM_ALLOWED_DISCHARGE_CURRENT,A,,not-available,DENIED,READ_RESPONSE,refused,DENIED
80-C7,0x00C7,Battery.INSTANCE_MAXIMUM_ALLOWED_REVERSE_CURRENT,A,,not-available,DENIED,READ_RESPONSE,refused,DENIED
80-C8,0x00C8,Battery.INSTANCE_PRESENT_DISCHARGE_CURRENT,A,,not-available,DENIED,READ_RESPONSE,refused,DENIED
80-C9,0x00C9,Battery.INSTANCE_LIGHT_RESERVE_STATE,,yes,supported-empty,,SUBSCRIBE_RESPONSE,supported-empty,DENIED
80-CA,0x00CA,Battery.INSTANCE_STATE_OF_CHARGE_FOR_RIDER,%,yes,value,,READ_RESPONSE,value,DENIED
80-CB,0x00CB,Battery.INSTANCE_MAXIMUM_ALLOWED_CHARGE_CURRENT,A,,not-available,DENIED,READ_RESPONSE,refused,DENIED
80-CC,0x00CC,Battery.ALL_ISSUE_VISUALIZATION_EVENTS,,,supported-empty,,READ_RESPONSE,supported-empty,DENIED
80-CD,0x00CD,Battery.BATTERY_STATIC_FEATURE_PROPERTIES,,yes,value,,READ_RESPONSE,value,DENIED
80-CE,0x00CE,Battery.EASTER_EGG,,,not-available,DENIED,READ_RESPONSE,refused,DENIED
80-D0,0x00D0,Battery.DUAL_BATTERY_MODE,,,not-available,DENIED,READ_RESPONSE,refused,DENIED
80-D1,0x00D1,Battery.SHUTDOWN_STATE,,,command (not tested),,,,DENIED
80-D2,0x00D2,Battery.PRESENT_FET_TEMPERATURE,°C,,value,,READ_RESPONSE,value,value
80-D3,0x00D3,Battery.GET_TIME_UNTIL_DERATING,s,,not-available,DENIED,READ_RESPONSE,refused,DENIED
80-D5,0x00D5,Battery.CONTINUOUS_PACK_POWER,W,,not-available,DENIED,READ_RESPONSE,refused,DENIED
80-D7,0x00D7,Battery.DELIVERED_AH_OVER_LIFETIME,Ah,yes,value,,READ_RESPONSE,value,value
80-D8,0x00D8,Battery.STATE_OF_HEALTH,%,yes,value,,READ_RESPONSE,value,value
80-D9,0x00D9,Battery.SYSTEM_TOTAL_ENERGY_FOR_RIDER,Wh,yes,value,,READ_RESPONSE,value,DENIED
80-DA,0x00DA,Battery.INSTANCE_ENERGY_RESERVE,Wh,,not-available,DENIED,READ_RESPONSE,refused,DENIED
80-DB,0x00DB,Battery.UNLOCK_COMPONENT,,,not-available,UNSUPPORTED,READ_RESPONSE,refused,DENIED
80-DC,0x00DC,Battery.SELF_DISCHARGING_RATE,,yes,supported-empty,,READ_RESPONSE,supported-empty,value
80-DD,0x00DD,Battery.LOCK_ACCESS_CERTIFICATE_CHAIN,,,not-available,DENIED,READ_RESPONSE,refused,DENIED
80-E0,0x00E0,Battery.DEVICE_CERTIFICATE,,,not-available,DENIED,READ_RESPONSE,refused,value
80-E1,0x00E1,Battery.HARMFUL_EVENTS,,yes,supported-empty,,READ_RESPONSE,supported-empty,value
80-E2,0x00E2,Battery.TOTAL_CAPACITY,Ah,yes,value,,READ_RESPONSE,value,value
80-E3,0x00E3,Battery.BOOTMANAGER_SOFTWARE_VERSION,,,not-available,DENIED,READ_RESPONSE,refused,DENIED
80-E4,0x00E4,Battery.CHARGING_INFORMATION,,,command (not tested),,,,timeout
80-E5,0x00E5,Battery.CHARGING_SETTINGS,,,not-available,DENIED,READ_RESPONSE,refused,DENIED
80-E6,0x00E6,Battery.RESET_SETTINGS,,,command (not tested),,,,DENIED
80-E7,0x00E7,Battery.OEM_COMPONENT_LOCK_ENABLE,,,command (not tested),,,,DENIED
82-81,0x0281,Battery2.SERIAL_NUMBER,,,not-available,NO_ROUTE_FOUND,READ_RESPONSE,refused,NO_ROUTE_FOUND
82-82,0x0282,Battery2.PART_NUMBER,,,not-available,NO_ROUTE_FOUND,READ_RESPONSE,refused,NO_ROUTE_FOUND
82-83,0x0283,Battery2.PRODUCT_CODE,,,not-available,NO_ROUTE_FOUND,READ_RESPONSE,refused,NO_ROUTE_FOUND
82-84,0x0284,Battery2.HARDWARE_VERSION,,,not-available,NO_ROUTE_FOUND,READ_RESPONSE,refused,NO_ROUTE_FOUND
82-85,0x0285,Battery2.HARDWARE_SOFTWARE_VERSION,,,not-available,NO_ROUTE_FOUND,READ_RESPONSE,refused,NO_ROUTE_FOUND
82-86,0x0286,Battery2.SOFTWARE_VERSION,,,not-available,NO_ROUTE_FOUND,READ_RESPONSE,refused,NO_ROUTE_FOUND
82-87,0x0287,Battery2.BOOTLOADER_SOFTWARE_VERSION,,,not-available,NO_ROUTE_FOUND,READ_RESPONSE,refused,NO_ROUTE_FOUND
82-88,0x0288,Battery2.STATE_OF_CHARGE,,,not-available,NO_ROUTE_FOUND,READ_RESPONSE,refused,NO_ROUTE_FOUND
82-8B,0x028B,Battery2.PRESENT_PACK_TEMPERATURE,,,not-available,NO_ROUTE_FOUND,READ_RESPONSE,refused,NO_ROUTE_FOUND
82-8C,0x028C,Battery2.PRESENT_CELL_VOLTAGE,,,not-available,DENIED,READ_RESPONSE,refused,NO_ROUTE_FOUND
82-92,0x0292,Battery2.REMAINING_ENERGY,,,not-available,NO_ROUTE_FOUND,READ_RESPONSE,refused,NO_ROUTE_FOUND
82-96,0x0296,Battery2.NUMBER_OF_FULL_CHARGE_CYCLES,,,not-available,NO_ROUTE_FOUND,READ_RESPONSE,refused,NO_ROUTE_FOUND
82-97,0x0297,Battery2.COMPONENT_LOCK_CONFIGURATION,,,not-available,NO_ROUTE_FOUND,READ_RESPONSE,refused,NO_ROUTE_FOUND
82-98,0x0298,Battery2.COMPONENT_LOCKED,,,not-available,NO_ROUTE_FOUND,READ_RESPONSE,refused,NO_ROUTE_FOUND
82-99,0x0299,Battery2.COMPONENT_DEACTIVATION_PROOF,,,command (not tested),,,,NO_ROUTE_FOUND
82-9A,0x029A,Battery2.COMPONENT_DEACTIVATION_ENABLED,,,command (not tested),,,,NO_ROUTE_FOUND
82-9B,0x029B,Battery2.PRODUCT_NAME,,,not-available,NO_ROUTE_FOUND,READ_RESPONSE,refused,NO_ROUTE_FOUND
82-9C,0x029C,Battery2.DELIVERED_WH_OVER_LIFETIME,,,not-available,NO_ROUTE_FOUND,READ_RESPONSE,refused,NO_ROUTE_FOUND
82-9D,0x029D,Battery2.DURATION_IN_THERMAL_PROTECTION,,,not-available,DENIED,READ_RESPONSE,refused,NO_ROUTE_FOUND
82-9E,0x029E,Battery2.LAST_END_OF_CHARGE_VOLTAGE,,,not-available,DENIED,READ_RESPONSE,refused,DENIED
82-9F,0x029F,Battery2.MAXIMUM_CHARGING_CURRENT,,,not-available,DENIED,READ_RESPONSE,refused,NO_ROUTE_FOUND
82-A0,0x02A0,Battery2.MAXIMUM_PACK_TEMPERATURE,,,not-available,DENIED,READ_RESPONSE,refused,NO_ROUTE_FOUND
82-A1,0x02A1,Battery2.MINIMUM_PACK_TEMPERATURE,,,not-available,DENIED,READ_RESPONSE,refused,NO_ROUTE_FOUND
82-A2,0x02A2,Battery2.SO_C_LOWER_LIMIT,,,not-available,DENIED,READ_RESPONSE,refused,DENIED
82-A3,0x02A3,Battery2.SO_C_UPPER_LIMIT,,,not-available,DENIED,READ_RESPONSE,refused,DENIED
82-A4,0x02A4,Battery2.MANUFACTURING_DATE,,,not-available,NO_ROUTE_FOUND,READ_RESPONSE,refused,NO_ROUTE_FOUND
82-A5,0x02A5,Battery2.IS_SAMPLE_SOFTWARE,,,not-available,DENIED,READ_RESPONSE,refused,NO_ROUTE_FOUND
82-A6,0x02A6,Battery2.IN_SOFTWARE_INSTALLATION_STATE,,,command (not tested),,,,NO_ROUTE_FOUND
82-A8,0x02A8,Battery2.EXECUTE_INFORMATION_MANAGER_COMMAND_RIDER,,,command (not tested),,,,DENIED
82-A9,0x02A9,Battery2.EXECUTE_INFORMATION_MANAGER_COMMAND_IBD,,,command (not tested),,,,value
82-AA,0x02AA,Battery2.EXECUTE_INFORMATION_MANAGER_COMMAND_OEM,,,command (not tested),,,,value
82-AB,0x02AB,Battery2.EXECUTE_INFORMATION_MANAGER_COMMAND_SP,,,command (not tested),,,,value
82-AC,0x02AC,Battery2.EXECUTE_INFORMATION_MANAGER_COMMAND_BOSCH,,,command (not tested),,,,value
82-AD,0x02AD,Battery2.REPORT_ISSUE,,,not-available,DENIED,READ_RESPONSE,refused,DENIED
82-AE,0x02AE,Battery2.ISSUE_EVENT,,,not-available,DENIED,READ_RESPONSE,refused,DENIED
82-AF,0x02AF,Battery2.ISSUE_VISUALIZATION_EVENT,,,not-available,NO_ROUTE_FOUND,READ_RESPONSE,refused,DENIED
82-B0,0x02B0,Battery2.NUMBER_OF_FULL_CHARGE_CYCLES_ON_BIKE,cycles,,not-available,NO_ROUTE_FOUND,READ_RESPONSE,refused,DENIED
82-B1,0x02B1,Battery2.NUMBER_OF_FULL_CHARGE_CYCLES_OFF_BIKE,cycles,,not-available,NO_ROUTE_FOUND,READ_RESPONSE,refused,DENIED
82-B4,0x02B4,Battery2.TOTAL_ENERGY,Wh,,not-available,NO_ROUTE_FOUND,READ_RESPONSE,refused,NO_ROUTE_FOUND
82-B7,0x02B7,Battery2.TIME_IN_BALANCING,s,,not-available,DENIED,READ_RESPONSE,refused,DENIED
82-B8,0x02B8,Battery2.ENABLE_LED_TEST_MODE,,,command (not tested),,,,NO_ROUTE_FOUND
82-B9,0x02B9,Battery2.LED_TEST_PATTERN_ON,,,not-available,DENIED,READ_RESPONSE,refused,NO_ROUTE_FOUND
82-BA,0x02BA,Battery2.ENABLE_BUTTON_TEST_MODE,,,command (not tested),,,,NO_ROUTE_FOUND
82-BB,0x02BB,Battery2.BUTTON_PRESSED,,,not-available,DENIED,READ_RESPONSE,refused,NO_ROUTE_FOUND
82-BD,0x02BD,Battery2.DATA_MODEL_VERSION,,,not-available,DENIED,READ_RESPONSE,refused,DENIED
82-BE,0x02BE,Battery2.FEATURE_PROPERTIES_RELEASE1,,,not-available,NO_ROUTE_FOUND,READ_RESPONSE,refused,NO_ROUTE_FOUND
82-BF,0x02BF,Battery2.SERVICE_CHARGE_STATE,,,command (not tested),,,,NO_ROUTE_FOUND
82-C1,0x02C1,Battery2.DISCHARGE_DURATION,s,,not-available,DENIED,READ_RESPONSE,refused,DENIED
82-C2,0x02C2,Battery2.FEATURE_PROPERTIES_RELEASE4,,,not-available,NO_ROUTE_FOUND,READ_RESPONSE,refused,DENIED
82-C4,0x02C4,Battery2.INSTANCE_CHARGING_ACTIVE,,,not-available,NO_ROUTE_FOUND,READ_RESPONSE,refused,DENIED
82-C5,0x02C5,Battery2.INSTANCE_REMAINING_ENERGY_FOR_RIDER,Wh,,not-available,NO_ROUTE_FOUND,READ_RESPONSE,refused,DENIED
82-C6,0x02C6,Battery2.INSTANCE_MAXIMUM_ALLOWED_DISCHARGE_CURRENT,A,,not-available,DENIED,READ_RESPONSE,refused,DENIED
82-C7,0x02C7,Battery2.INSTANCE_MAXIMUM_ALLOWED_REVERSE_CURRENT,A,,not-available,DENIED,READ_RESPONSE,refused,DENIED
82-C8,0x02C8,Battery2.INSTANCE_PRESENT_DISCHARGE_CURRENT,A,,not-available,DENIED,READ_RESPONSE,refused,DENIED
82-C9,0x02C9,Battery2.INSTANCE_LIGHT_RESERVE_STATE,,,not-available,NO_ROUTE_FOUND,READ_RESPONSE,refused,DENIED
82-CA,0x02CA,Battery2.INSTANCE_STATE_OF_CHARGE_FOR_RIDER,%,,not-available,NO_ROUTE_FOUND,READ_RESPONSE,refused,DENIED
82-CB,0x02CB,Battery2.INSTANCE_MAXIMUM_ALLOWED_CHARGE_CURRENT,A,,not-available,DENIED,READ_RESPONSE,refused,DENIED
82-CC,0x02CC,Battery2.ALL_ISSUE_VISUALIZATION_EVENTS,,,not-available,NO_ROUTE_FOUND,READ_RESPONSE,refused,DENIED
82-CD,0x02CD,Battery2.BATTERY_STATIC_FEATURE_PROPERTIES,,,not-available,NO_ROUTE_FOUND,READ_RESPONSE,refused,DENIED
82-CE,0x02CE,Battery2.EASTER_EGG,,,not-available,DENIED,READ_RESPONSE,refused,timeout
82-D0,0x02D0,Battery2.DUAL_BATTERY_MODE,,,not-available,DENIED,READ_RESPONSE,refused,DENIED
82-D2,0x02D2,Battery2.PRESENT_FET_TEMPERATURE,,,not-available,NO_ROUTE_FOUND,READ_RESPONSE,refused,NO_ROUTE_FOUND
82-D7,0x02D7,Battery2.DELIVERED_AH_OVER_LIFETIME,,,not-available,NO_ROUTE_FOUND,READ_RESPONSE,refused,NO_ROUTE_FOUND
82-D8,0x02D8,Battery2.STATE_OF_HEALTH,,,not-available,NO_ROUTE_FOUND,READ_RESPONSE,refused,NO_ROUTE_FOUND
82-DA,0x02DA,Battery2.INSTANCE_ENERGY_RESERVE,Wh,,not-available,DENIED,READ_RESPONSE,refused,DENIED
82-DB,0x02DB,Battery2.UNLOCK_COMPONENT,,,not-available,NO_ROUTE_FOUND,READ_RESPONSE,refused,DENIED
82-DC,0x02DC,Battery2.SELF_DISCHARGING_RATE,,,not-available,NO_ROUTE_FOUND,READ_RESPONSE,refused,NO_ROUTE_FOUND
82-DD,0x02DD,Battery2.LOCK_ACCESS_CERTIFICATE_CHAIN,,,not-available,DENIED,READ_RESPONSE,refused,DENIED
82-E0,0x02E0,Battery2.DEVICE_CERTIFICATE,,,not-available,DENIED,READ_RESPONSE,refused,NO_ROUTE_FOUND
82-E1,0x02E1,Battery2.HARMFUL_EVENTS,,,not-available,NO_ROUTE_FOUND,READ_RESPONSE,refused,NO_ROUTE_FOUND
82-E2,0x02E2,Battery2.TOTAL_CAPACITY,Ah,,not-available,NO_ROUTE_FOUND,READ_RESPONSE,refused,NO_ROUTE_FOUND
82-E3,0x02E3,Battery2.BOOTMANAGER_SOFTWARE_VERSION,,,not-available,DENIED,READ_RESPONSE,refused,DENIED
82-E5,0x02E5,Battery2.CHARGING_SETTINGS,,,not-available,DENIED,READ_RESPONSE,refused,DENIED
82-E6,0x02E6,Battery2.RESET_SETTINGS,,,command (not tested),,,,DENIED
82-E7,0x02E7,Battery2.OEM_COMPONENT_LOCK_ENABLE,,,command (not tested),,,,DENIED
89-01,0x0901,AntiLockBrakeSystem.SERIAL_NUMBER,,,not-available,NO_ROUTE_FOUND,READ_RESPONSE,refused,NO_ROUTE_FOUND
89-02,0x0902,AntiLockBrakeSystem.PART_NUMBER,,,not-available,NO_ROUTE_FOUND,READ_RESPONSE,refused,NO_ROUTE_FOUND
89-03,0x0903,AntiLockBrakeSystem.PRODUCT_CODE,,,not-available,NO_ROUTE_FOUND,READ_RESPONSE,refused,NO_ROUTE_FOUND
89-04,0x0904,AntiLockBrakeSystem.HARDWARE_VERSION,,,not-available,NO_ROUTE_FOUND,READ_RESPONSE,refused,NO_ROUTE_FOUND
89-05,0x0905,AntiLockBrakeSystem.HARDWARE_SOFTWARE_VERSION,,,not-available,NO_ROUTE_FOUND,READ_RESPONSE,refused,NO_ROUTE_FOUND
89-06,0x0906,AntiLockBrakeSystem.SOFTWARE_VERSION,,,not-available,NO_ROUTE_FOUND,READ_RESPONSE,refused,NO_ROUTE_FOUND
89-07,0x0907,AntiLockBrakeSystem.BOOTLOADER_SOFTWARE_VERSION,,,not-available,NO_ROUTE_FOUND,READ_RESPONSE,refused,NO_ROUTE_FOUND
89-08,0x0908,AntiLockBrakeSystem.SIGNAL_LAMP_CONTROL,,,not-available,DENIED,READ_RESPONSE,refused,NO_ROUTE_FOUND
89-09,0x0909,AntiLockBrakeSystem.ABS_MODE,,,not-available,NO_ROUTE_FOUND,READ_RESPONSE,refused,NO_ROUTE_FOUND
89-0A,0x090A,AntiLockBrakeSystem.AVAILABLE_ABS_MODES,,,not-available,NO_ROUTE_FOUND,READ_RESPONSE,refused,NO_ROUTE_FOUND
89-0B,0x090B,AntiLockBrakeSystem.IN_SOFTWARE_INSTALLATION_STATE,,,command (not tested),,,,NO_ROUTE_FOUND
89-0C,0x090C,AntiLockBrakeSystem.IS_TWO_CHANNEL_SYSTEM,,,not-available,DENIED,READ_RESPONSE,refused,NO_ROUTE_FOUND
89-0D,0x090D,AntiLockBrakeSystem.IS_SAMPLE_SOFTWARE,,,not-available,DENIED,READ_RESPONSE,refused,NO_ROUTE_FOUND
89-0E,0x090E,AntiLockBrakeSystem.IS_SAMPLE_HARDWARE,,,not-available,DENIED,READ_RESPONSE,refused,DENIED
89-0F,0x090F,AntiLockBrakeSystem.PRODUCT_NAME,,,not-available,NO_ROUTE_FOUND,READ_RESPONSE,refused,NO_ROUTE_FOUND
89-10,0x0910,AntiLockBrakeSystem.MANUFACTURING_DATE,,,not-available,DENIED,READ_RESPONSE,refused,NO_ROUTE_FOUND
89-11,0x0911,AntiLockBrakeSystem.COMPONENT_LOCKED,,,not-available,DENIED,READ_RESPONSE,refused,NO_ROUTE_FOUND
89-12,0x0912,AntiLockBrakeSystem.COMPONENT_LOCK_CONFIGURATION,,,not-available,DENIED,READ_RESPONSE,refused,NO_ROUTE_FOUND
89-13,0x0913,AntiLockBrakeSystem.ANTI_LOCK_BRAKE_SYSTEM_FEATURE_PROPERTIES_RELEASE3,,,not-available,NO_ROUTE_FOUND,READ_RESPONSE,refused,NO_ROUTE_FOUND
89-14,0x0914,AntiLockBrakeSystem.NUMBER_OF_SOFTWARE_UPDATES,,,not-available,DENIED,READ_RESPONSE,refused,NO_ROUTE_FOUND
89-15,0x0915,AntiLockBrakeSystem.ABS_RELEASED_AFTER_ASSEMBLY,,,not-available,DENIED,READ_RESPONSE,refused,NO_ROUTE_FOUND
89-16,0x0916,AntiLockBrakeSystem.REAR_WHEEL_SPEED_SENSOR_ASSEMBLY_TEST_RESULT,,,not-available,DENIED,READ_RESPONSE,refused,NO_ROUTE_FOUND
89-17,0x0917,AntiLockBrakeSystem.FRONT_WHEEL_SPEED_SENSOR_ASSEMBLY_TEST_RESULT,,,not-available,DENIED,READ_RESPONSE,refused,NO_ROUTE_FOUND
89-18,0x0918,AntiLockBrakeSystem.ABS_CALIBRATION_TYPE,,,command (not tested),,,,NO_ROUTE_FOUND
89-19,0x0919,AntiLockBrakeSystem.IS_END_OF_LINE_TESTED,,,not-available,DENIED,READ_RESPONSE,refused,DENIED
89-1A,0x091A,AntiLockBrakeSystem.FRONT_WHEEL_CIRCUMFERENCE,,,not-available,DENIED,READ_RESPONSE,refused,NO_ROUTE_FOUND
89-1B,0x091B,AntiLockBrakeSystem.FRONT_BRAKE_FOUNDATION,,,not-available,DENIED,READ_RESPONSE,refused,NO_ROUTE_FOUND
89-1C,0x091C,AntiLockBrakeSystem.FRONT_BRAKE_DISC_SIZE,,,not-available,DENIED,READ_RESPONSE,refused,NO_ROUTE_FOUND
89-1D,0x091D,AntiLockBrakeSystem.ISSUE_VISUALIZATION_EVENT,,,not-available,NO_ROUTE_FOUND,READ_RESPONSE,refused,DENIED
89-1E,0x091E,AntiLockBrakeSystem.OVERALL_ASSEMBLY_TEST_RESULT,,,not-available,DENIED,READ_RESPONSE,refused,DENIED
89-1F,0x091F,AntiLockBrakeSystem.ISSUE_EVENT,,,not-available,DENIED,READ_RESPONSE,refused,DENIED
89-20,0x0920,AntiLockBrakeSystem.EXECUTE_INFORMATION_MANAGER_COMMAND_RIDER,,,command (not tested),,,,DENIED
89-21,0x0921,AntiLockBrakeSystem.EXECUTE_INFORMATION_MANAGER_COMMAND_IBD,,,command (not tested),,,,value
89-22,0x0922,AntiLockBrakeSystem.EXECUTE_INFORMATION_MANAGER_COMMAND_OEM,,,command (not tested),,,,value
89-23,0x0923,AntiLockBrakeSystem.EXECUTE_INFORMATION_MANAGER_COMMAND_SP,,,command (not tested),,,,value
89-24,0x0924,AntiLockBrakeSystem.EXECUTE_INFORMATION_MANAGER_COMMAND_BOSCH,,,command (not tested),,,,value
89-25,0x0925,AntiLockBrakeSystem.FRONT_WHEEL_SPEED,,,not-available,DENIED,READ_RESPONSE,refused,DENIED
89-26,0x0926,AntiLockBrakeSystem.DATA_MODEL_VERSION,,,not-available,DENIED,READ_RESPONSE,refused,DENIED
89-27,0x0927,AntiLockBrakeSystem.REAR_WHEEL_SPEED,,,not-available,DENIED,READ_RESPONSE,refused,DENIED
89-28,0x0928,AntiLockBrakeSystem.TRIGGER_FRONT_WHEEL_SPEED_SENSOR_ASSEMBLY_TEST,,,command (not tested),,,,value
89-29,0x0929,AntiLockBrakeSystem.TRIGGER_REAR_WHEEL_SPEED_SENSOR_ASSEMBLY_TEST,,,command (not tested),,,,value
89-2A,0x092A,AntiLockBrakeSystem.WHEEL_SPEED_SENSOR_ASSEMBLY_TEST_RESULT,,,not-available,DENIED,READ_RESPONSE,refused,DENIED
89-2B,0x092B,AntiLockBrakeSystem.RESET_WHEEL_SPEED_SENSOR_ASSEMBLY_TEST_RESULT,,,command (not tested),,,,value
89-2C,0x092C,AntiLockBrakeSystem.BRAKE_HOSE_LENGTH_FROM_MASTER_CYLINDER_TO_FRONT_ANTI_LOCK_BRAKE_SYSTEM,,,not-available,DENIED,READ_RESPONSE,refused,NO_ROUTE_FOUND
89-2D,0x092D,AntiLockBrakeSystem.BRAKE_HOSE_LENGTH_FROM_FRONT_ANTI_LOCK_BRAKE_SYSTEM_TO_WHEEL_CALIPER,,,not-available,DENIED,READ_RESPONSE,refused,NO_ROUTE_FOUND
89-2F,0x092F,AntiLockBrakeSystem.BRAKE_DURATION_OF_LAST_BRAKE_EVENT,,,not-available,NO_ROUTE_FOUND,READ_RESPONSE,refused,DENIED
89-30,0x0930,AntiLockBrakeSystem.BRAKE_DISTANCE_OF_LAST_BRAKE_EVENT,,,not-available,NO_ROUTE_FOUND,READ_RESPONSE,refused,DENIED
89-31,0x0931,AntiLockBrakeSystem.BOOTMANAGER_SOFTWARE_VERSION,,,not-available,DENIED,READ_RESPONSE,refused,DENIED
89-32,0x0932,AntiLockBrakeSystem.EASTER_EGG,,,not-available,DENIED,READ_RESPONSE,refused,DENIED
89-33,0x0933,AntiLockBrakeSystem.ANTI_LOCK_BRAKE_SYSTEM_FEATURE_PROPERTIES_RELEASE4,,,not-available,NO_ROUTE_FOUND,READ_RESPONSE,refused,DENIED
89-34,0x0934,AntiLockBrakeSystem.ALL_ISSUE_VISUALIZATION_EVENTS,,,not-available,NO_ROUTE_FOUND,READ_RESPONSE,refused,DENIED
89-35,0x0935,AntiLockBrakeSystem.ANTI_LOCK_BRAKE_SYSTEM_STATIC_FEATURE_PROPERTIES,,,not-available,NO_ROUTE_FOUND,READ_RESPONSE,refused,DENIED
89-36,0x0936,AntiLockBrakeSystem.ANTI_LOCK_BRAKE_SYSTEM_EVENT,,,not-available,NO_ROUTE_FOUND,READ_RESPONSE,refused,DENIED
89-37,0x0937,AntiLockBrakeSystem.USE_INERTIAL_MEASUREMENT_UNIT,,,not-available,DENIED,READ_RESPONSE,refused,NO_ROUTE_FOUND
89-38,0x0938,AntiLockBrakeSystem.UNLOCK_COMPONENT,,,not-available,DENIED,READ_RESPONSE,refused,DENIED
89-39,0x0939,AntiLockBrakeSystem.REPORT_ISSUE,,,not-available,DENIED,READ_RESPONSE,refused,DENIED
89-3A,0x093A,AntiLockBrakeSystem.BIKE_CATEGORY_CONFIGURATION,,,not-available,DENIED,READ_RESPONSE,refused,DENIED
8A-11,0x0A11,ConnectModule.REPORT_ISSUE,,,not-available,DENIED,READ_RESPONSE,refused,DENIED
8A-12,0x0A12,ConnectModule.ISSUE_EVENT,,,not-available,DENIED,READ_RESPONSE,refused,DENIED
8A-13,0x0A13,ConnectModule.ISSUE_VISUALIZATION_EVENT,,,not-available,NO_ROUTE_FOUND,READ_RESPONSE,refused,DENIED
8A-14,0x0A14,ConnectModule.EXECUTE_INFORMATION_MANAGER_COMMAND_IBD,,,command (not tested),,,,value
8A-15,0x0A15,ConnectModule.EXECUTE_INFORMATION_MANAGER_COMMAND_OEM,,,command (not tested),,,,value
8A-16,0x0A16,ConnectModule.EXECUTE_INFORMATION_MANAGER_COMMAND_SP,,,command (not tested),,,,value
8A-17,0x0A17,ConnectModule.EXECUTE_INFORMATION_MANAGER_COMMAND_BOSCH,,,command (not tested),,,,value
8A-18,0x0A18,ConnectModule.EXECUTE_INFORMATION_MANAGER_COMMAND_RIDER,,,command (not tested),,,,DENIED
8A-19,0x0A19,ConnectModule.ALL_ISSUE_VISUALIZATION_EVENTS,,,not-available,NO_ROUTE_FOUND,READ_RESPONSE,refused,DENIED
8B-01,0x0B01,ConnectModule.SERIAL_NUMBER,,,not-available,NO_ROUTE_FOUND,READ_RESPONSE,refused,NO_ROUTE_FOUND
8B-02,0x0B02,ConnectModule.PART_NUMBER,,,not-available,NO_ROUTE_FOUND,READ_RESPONSE,refused,NO_ROUTE_FOUND
8B-03,0x0B03,ConnectModule.HARDWARE_VERSION,,,not-available,NO_ROUTE_FOUND,READ_RESPONSE,refused,NO_ROUTE_FOUND
8B-04,0x0B04,ConnectModule.HARDWARE_SOFTWARE_VERSION,,,not-available,NO_ROUTE_FOUND,READ_RESPONSE,refused,NO_ROUTE_FOUND
8B-05,0x0B05,ConnectModule.PRODUCT_CODE,,,not-available,NO_ROUTE_FOUND,READ_RESPONSE,refused,NO_ROUTE_FOUND
8B-06,0x0B06,ConnectModule.MANUFACTURING_DATE,,,not-available,NO_ROUTE_FOUND,READ_RESPONSE,refused,NO_ROUTE_FOUND
8B-07,0x0B07,ConnectModule.PRODUCTION_PLANT_CODE,,,not-available,DENIED,READ_RESPONSE,refused,NO_ROUTE_FOUND
8B-08,0x0B08,ConnectModule.PRODUCTION_LINE,,,not-available,DENIED,READ_RESPONSE,refused,NO_ROUTE_FOUND
8B-09,0x0B09,ConnectModule.DATA_MODEL_VERSION,,,not-available,DENIED,READ_RESPONSE,refused,DENIED
8B-0B,0x0B0B,ConnectModule.SOFTWARE_VERSION,,,not-available,NO_ROUTE_FOUND,READ_RESPONSE,refused,NO_ROUTE_FOUND
8B-0C,0x0B0C,ConnectModule.GIT_INFORMATION,,,command (not tested),,,,DENIED
8B-0D,0x0B0D,ConnectModule.BUILD_INFORMATION,,,command (not tested),,,,DENIED
8B-11,0x0B11,ConnectModule.BOOTLOADER_SOFTWARE_VERSION,,,not-available,NO_ROUTE_FOUND,READ_RESPONSE,refused,NO_ROUTE_FOUND
8B-13,0x0B13,ConnectModule.PRODUCT_NAME,,,not-available,NO_ROUTE_FOUND,READ_RESPONSE,refused,NO_ROUTE_FOUND
8B-18,0x0B18,ConnectModule.TRANSPORTATION_MODE_CONFIGURATION,,,not-available,NO_ROUTE_FOUND,READ_RESPONSE,refused,NO_ROUTE_FOUND
8B-19,0x0B19,ConnectModule.BATTERY_VOLTAGE,,,not-available,NO_ROUTE_FOUND,READ_RESPONSE,refused,NO_ROUTE_FOUND
8B-20,0x0B20,ConnectModule.EASTER_EGG,,,not-available,DENIED,READ_RESPONSE,refused,DENIED
8B-21,0x0B21,ConnectModule.COMPONENT_LOCKED,,,not-available,DENIED,READ_RESPONSE,refused,NO_ROUTE_FOUND
8B-22,0x0B22,ConnectModule.COMPONENT_LOCK_CONFIGURATION,,,not-available,DENIED,READ_RESPONSE,refused,NO_ROUTE_FOUND
8B-25,0x0B25,ConnectModule.IN_SOFTWARE_INSTALLATION_STATE,,,command (not tested),,,,NO_ROUTE_FOUND
8B-27,0x0B27,ConnectModule.ACTIVATE,,,command (not tested),,,,DENIED
8B-28,0x0B28,ConnectModule.SEND_CONNECTION_ACKNOWLEDGE_TO_BACKEND,,,not-available,NO_ROUTE_FOUND,READ_RESPONSE,refused,DENIED
8B-29,0x0B29,ConnectModule.ALARM_FEATURE_ENABLED_CONFIGURATION,,,command (not tested),,,,NO_ROUTE_FOUND
8B-2A,0x0B2A,ConnectModule.ALARM_FEATURE_SETTINGS,,,not-available,NO_ROUTE_FOUND,READ_RESPONSE,refused,NO_ROUTE_FOUND
8B-2B,0x0B2B,ConnectModule.BOOTMANAGER_SOFTWARE_VERSION,,,not-available,DENIED,READ_RESPONSE,refused,DENIED
8B-2C,0x0B2C,ConnectModule.BATTERY_STATUS,,,not-available,NO_ROUTE_FOUND,READ_RESPONSE,refused,NO_ROUTE_FOUND
8B-2D,0x0B2D,ConnectModule.LATEST_GNSS_TIMESTAMP,,,not-available,DENIED,READ_RESPONSE,refused,NO_ROUTE_FOUND
8B-2E,0x0B2E,ConnectModule.IS_SAMPLE_SOFTWARE,,,not-available,DENIED,READ_RESPONSE,refused,NO_ROUTE_FOUND
8B-2F,0x0B2F,ConnectModule.SHIPPING_MODE,,,not-available,NO_ROUTE_FOUND,READ_RESPONSE,refused,NO_ROUTE_FOUND
8B-30,0x0B30,ConnectModule.DISABLE_TRANSPORTATION_MODE,,,command (not tested),,,,DENIED
8B-31,0x0B31,ConnectModule.MODEM_FIRMWARE_VERSION,,,not-available,NO_ROUTE_FOUND,READ_RESPONSE,refused,NO_ROUTE_FOUND
8B-32,0x0B32,ConnectModule.BATTERY_CHARGING_STATUS,,,not-available,DENIED,READ_RESPONSE,refused,DENIED
8B-33,0x0B33,ConnectModule.CONNECT_MODULE_FEATURE_PROPERTIES_RELEASE4,,,not-available,NO_ROUTE_FOUND,READ_RESPONSE,refused,DENIED
8B-35,0x0B35,ConnectModule.CONNECT_MODULE_STATIC_FEATURE_PROPERTIES,,,not-available,NO_ROUTE_FOUND,READ_RESPONSE,refused,DENIED
8B-36,0x0B36,ConnectModule.BACKEND_ENVIRONMENT,,,not-available,DENIED,READ_RESPONSE,refused,DENIED
8B-37,0x0B37,ConnectModule.DEBUG_COMPONENT_STATE,,,not-available,DENIED,READ_RESPONSE,refused,DENIED
8B-38,0x0B38,ConnectModule.FETCH_REMOTE_CONFIGURATION,,,not-available,NO_ROUTE_FOUND,READ_RESPONSE,refused,DENIED
8B-39,0x0B39,ConnectModule.REMOTE_CONFIGURATION_SETTINGS,,,not-available,NO_ROUTE_FOUND,READ_RESPONSE,refused,NO_ROUTE_FOUND
8B-3B,0x0B3B,ConnectModule.UNLOCK_COMPONENT,,,not-available,DENIED,READ_RESPONSE,refused,timeout
8B-3C,0x0B3C,ConnectModule.REMOTE_CONFIGURATION_DATA,,,not-available,DENIED,READ_RESPONSE,refused,NO_ROUTE_FOUND
8C-11,0x0C11,HeadUnit.REPORT_ISSUE,,,not-available,DENIED,READ_RESPONSE,refused,DENIED
8C-12,0x0C12,HeadUnit.ISSUE_EVENT,,,not-available,DENIED,READ_RESPONSE,refused,DENIED
8C-13,0x0C13,HeadUnit.ISSUE_VISUALIZATION_EVENT,,,not-available,UNSUPPORTED,READ_RESPONSE,refused,DENIED
8C-14,0x0C14,HeadUnit.EXECUTE_INFORMATION_MANAGER_COMMAND_IBD,,,command (not tested),,,,value
8C-15,0x0C15,HeadUnit.EXECUTE_INFORMATION_MANAGER_COMMAND_OEM,,,command (not tested),,,,value
8C-16,0x0C16,HeadUnit.EXECUTE_INFORMATION_MANAGER_COMMAND_SP,,,command (not tested),,,,value
8C-17,0x0C17,HeadUnit.EXECUTE_INFORMATION_MANAGER_COMMAND_BOSCH,,,command (not tested),,,,value
8C-18,0x0C18,HeadUnit.EXECUTE_INFORMATION_MANAGER_COMMAND_RIDER,,,command (not tested),,,,DENIED
8C-19,0x0C19,HeadUnit.UPDATE_ISSUE_VISUALIZATION,,,not-available,DENIED,READ_RESPONSE,refused,DENIED
8C-1A,0x0C1A,HeadUnit.VISUALIZABLE_ISSUE_TYPES,,,not-available,DENIED,READ_RESPONSE,refused,DENIED
8C-1B,0x0C1B,HeadUnit.ALL_ISSUE_VISUALIZATION_EVENTS,,yes,supported-empty,,SUBSCRIBE_RESPONSE,supported-empty,DENIED
8D-01,0x0D01,HeadUnit.SERIAL_NUMBER,,yes,value,,READ_RESPONSE,value,value
8D-02,0x0D02,HeadUnit.PART_NUMBER,,yes,value,,READ_RESPONSE,value,value
8D-03,0x0D03,HeadUnit.PRODUCT_CODE,,yes,value,,READ_RESPONSE,value,value
8D-04,0x0D04,HeadUnit.HARDWARE_VERSION,,yes,value,,READ_RESPONSE,value,value
8D-05,0x0D05,HeadUnit.HARDWARE_SOFTWARE_VERSION,,yes,value,,READ_RESPONSE,value,value
8D-06,0x0D06,HeadUnit.SOFTWARE_VERSION,,yes,value,,READ_RESPONSE,value,value
8D-07,0x0D07,HeadUnit.BOOTLOADER_SOFTWARE_VERSION,,yes,value,,READ_RESPONSE,value,value
8D-08,0x0D08,HeadUnit.MANUFACTURING_DATE,,yes,value,,READ_RESPONSE,value,value
8D-09,0x0D09,HeadUnit.PRODUCT_NAME,,yes,value,,READ_RESPONSE,value,value
8D-0A,0x0D0A,HeadUnit.IS_SAMPLE_SOFTWARE,,,not-available,DENIED,READ_RESPONSE,refused,value
8D-0B,0x0D0B,HeadUnit.UI_PRIORITY,,,not-available,DENIED,READ_RESPONSE,refused,value
8D-0C,0x0D0C,HeadUnit.DATA_MODEL_VERSION,,,not-available,DENIED,READ_RESPONSE,refused,DENIED
8D-0D,0x0D0D,HeadUnit.BOOTMANAGER_SOFTWARE_VERSION,,,not-available,DENIED,READ_RESPONSE,refused,DENIED
8D-0E,0x0D0E,HeadUnit.EASTER_EGG,,,not-available,DENIED,READ_RESPONSE,refused,DENIED
8D-10,0x0D10,HeadUnit.COMPONENT_LOCKED,,,not-available,DENIED,READ_RESPONSE,refused,NOT_READY
8D-11,0x0D11,HeadUnit.COMPONENT_LOCK_CONFIGURATION,,,not-available,DENIED,READ_RESPONSE,refused,value
8D-12,0x0D12,HeadUnit.DISPLAY_BRIGHTNESS_CONFIGURATION,,,not-available,DENIED,READ_RESPONSE,refused,value
8D-13,0x0D13,HeadUnit.SUPPORTED_LANGUAGES,,,not-available,DENIED,READ_RESPONSE,refused,DENIED
8D-14,0x0D14,HeadUnit.IN_SOFTWARE_INSTALLATION_STATE,,,command (not tested),,,,value
8D-15,0x0D15,HeadUnit.HEAD_UNIT_FEATURE_PROPERTIES_RELEASE1,,yes,value,,READ_RESPONSE,value,value
8D-16,0x0D16,HeadUnit.SIGNAL_LAMP_HASH_WITH_ALIVE_COUNTER,,,not-available,DENIED,READ_RESPONSE,refused,value
8D-17,0x0D17,HeadUnit.RESET_INTERNAL_VALUES,,,command (not tested),,,,DENIED
8D-18,0x0D18,HeadUnit.STATUSBAR_CUSTOMIZATION,,,not-available,DENIED,READ_RESPONSE,refused,DENIED
8D-19,0x0D19,HeadUnit.HEAD_UNIT_FEATURE_PROPERTIES_RELEASE2,,yes,value,,READ_RESPONSE,value,value
8D-1B,0x0D1B,HeadUnit.KEY_DEVICE,,yes,value,,READ_RESPONSE,value,DENIED
8D-1C,0x0D1C,HeadUnit.SET_AS_KEY_DEVICE,,,command (not tested),,,,DENIED
8D-1D,0x0D1D,HeadUnit.HEAD_UNIT_FEATURE_PROPERTIES_RELEASE3,,yes,value,,READ_RESPONSE,value,value
8D-1E,0x0D1E,HeadUnit.HEAD_UNIT_FEATURE_PROPERTIES_RELEASE4,,yes,value,,READ_RESPONSE,value,DENIED
8D-1F,0x0D1F,HeadUnit.UNLOCK_TOKENS_NONCE,,yes,value,,READ_RESPONSE,value,DENIED
8D-20,0x0D20,HeadUnit.VIEW_STRIPE_CAPABILITIES,,,value,,READ_RESPONSE,value,DENIED
8D-21,0x0D21,HeadUnit.VIEW_STRIPE_CONFIGURATION_ID,,,supported-empty,,READ_RESPONSE,supported-empty,DENIED
8D-22,0x0D22,HeadUnit.VIEW_STRIPE_CONFIGURATION,,yes,value,,READ_RESPONSE,value,DENIED
8D-23,0x0D23,HeadUnit.FEATURE_STREAMING_TILES_OF_INTEREST,,yes,supported-empty,,READ_RESPONSE,supported-empty,DENIED
8D-24,0x0D24,HeadUnit.FEATURE_STREAMING_TILE,,,not-available,DENIED,READ_RESPONSE,refused,DENIED
8D-25,0x0D25,HeadUnit.FEATURE_STREAMING_TILE_PLACEHOLDER,,,not-available,DENIED,READ_RESPONSE,refused,DENIED
8D-26,0x0D26,HeadUnit.FEATURE_STREAMING_OPTION_GROUP,,yes,not-available,UNSUPPORTED,READ_RESPONSE,refused,DENIED
8D-27,0x0D27,HeadUnit.GET_CATEGORY_CONFIGURATION,,yes,not-available,,RPC_RESPONSE,value,DENIED
8D-28,0x0D28,HeadUnit.SET_CATEGORY_CONFIGURATION,,,command (not tested),,,,DENIED
8D-29,0x0D29,HeadUnit.SHOW_VIEW_STRIPE_CONFIGURATION,,,not-available,UNSUPPORTED,READ_RESPONSE,refused,DENIED
8D-2A,0x0D2A,HeadUnit.STORE_VIEW_STRIPE_CONFIGURATION,,,not-available,UNSUPPORTED,READ_RESPONSE,refused,DENIED
8D-2B,0x0D2B,HeadUnit.SET_TILE_CONTENT,,,command (not tested),,,,DENIED
8D-2C,0x0D2C,HeadUnit.FEATURE_STREAMING_CAPABILITIES,,yes,not-available,,RPC_RESPONSE,value,timeout
8D-2D,0x0D2D,HeadUnit.PLAY_SOUND,,,not-available,NO_ROUTE_FOUND,READ_RESPONSE,refused,value
8D-2E,0x0D2E,HeadUnit.SOUNDS_VOLUME_LEVEL,,,not-available,NO_ROUTE_FOUND,READ_RESPONSE,refused,NO_ROUTE_FOUND
8D-2F,0x0D2F,HeadUnit.FEATURE_STREAMING_OPTION_STRIPE,,yes,not-available,UNSUPPORTED,READ_RESPONSE,refused,DENIED
8D-40,0x0D40,HeadUnit.BUZZER,,,not-available,DENIED,READ_RESPONSE,refused,error
8D-4A,0x0D4A,HeadUnit.DISPLAY_GENERIC_TEXT,,,not-available,DENIED,READ_RESPONSE,refused,DENIED
8D-80,0x0D80,HeadUnit.DEBUG_AMBIENT_LIGHT_SENSOR,,,not-available,DENIED,READ_RESPONSE,refused,DENIED
8D-81,0x0D81,HeadUnit.DEBUG_TEMPERATURE,,,not-available,DENIED,READ_RESPONSE,refused,DENIED
8D-82,0x0D82,HeadUnit.DEBUG_TAKE_SCREENSHOT,,,not-available,DENIED,READ_RESPONSE,refused,DENIED
8D-83,0x0D83,HeadUnit.DEBUG_UI_POSITION,,,not-available,DENIED,READ_RESPONSE,refused,DENIED
8D-84,0x0D84,HeadUnit.HEAD_UNIT_STATIC_FEATURE_PROPERTIES,,yes,value,,READ_RESPONSE,value,DENIED
8D-85,0x0D85,HeadUnit.SUPPORTED_TILE_IDS,,,value,,READ_RESPONSE,value,DENIED
8D-87,0x0D87,HeadUnit.LCD_TEST_MODE,,,not-available,DENIED,READ_RESPONSE,refused,value
8D-88,0x0D88,HeadUnit.TEST_UI_FEATURE_PROPERTIES,,,not-available,DENIED,READ_RESPONSE,refused,DENIED
8D-89,0x0D89,HeadUnit.UNLOCK_COMPONENT,,,not-available,DENIED,READ_RESPONSE,refused,DENIED
8D-8A,0x0D8A,HeadUnit.SUPPORTED_TILE_SIZES,,,value,,READ_RESPONSE,value,DENIED
8E-11,0x0E11,BoschDiagnoseApp.DATA_MODEL_VERSION,,,not-available,DENIED,READ_RESPONSE,refused,value
8E-41,0x0E41,BoschDiagnoseApp.SOFTWARE_UPDATE_MANIFESTS,,,not-available,DENIED,READ_RESPONSE,refused,DENIED
8E-42,0x0E42,BoschDiagnoseApp.SOFTWARE_UPDATES,,,not-available,DENIED,READ_RESPONSE,refused,DENIED
8E-43,0x0E43,BoschDiagnoseApp.CONFIGURATION_CONTAINERS,,,not-available,DENIED,READ_RESPONSE,refused,DENIED
8E-44,0x0E44,BoschDiagnoseApp.RESOURCE_METADATA,,,not-available,DENIED,READ_RESPONSE,refused,DENIED
8E-45,0x0E45,BoschDiagnoseApp.COLLECTED_DATA_SET_RESOURCE,,,command (not tested),,,,DENIED
8E-46,0x0E46,BoschDiagnoseApp.DEV_LOG_RESOURCE,,,not-available,DENIED,READ_RESPONSE,refused,DENIED
8E-47,0x0E47,BoschDiagnoseApp.STATISTIC_RESOURCE,,,not-available,DENIED,READ_RESPONSE,refused,DENIED
8E-48,0x0E48,BoschDiagnoseApp.USER_DATA_RESOURCE,,,not-available,DENIED,READ_RESPONSE,refused,DENIED
8E-49,0x0E49,BoschDiagnoseApp.TRUSTED_DATA_PACK_RESOURCE,,,not-available,DENIED,READ_RESPONSE,refused,DENIED
90-21,0x1021,DriveUnit.REMOTE_CONTROL_AVAILABLE,,,not-available,DENIED,READ_RESPONSE,refused,DENIED
90-22,0x1022,DriveUnit.BATTERY1_AVAILABLE,,,not-available,DENIED,READ_RESPONSE,refused,DENIED
90-23,0x1023,DriveUnit.BATTERY1_IN_BOOTLOADER_AVAILABLE,,,not-available,DENIED,READ_RESPONSE,refused,DENIED
90-24,0x1024,DriveUnit.HEAD_UNIT_AVAILABLE,,,not-available,DENIED,READ_RESPONSE,refused,DENIED
90-25,0x1025,DriveUnit.HEAD_UNIT_IN_BOOTLOADER_AVAILABLE,,,not-available,DENIED,READ_RESPONSE,refused,DENIED
90-26,0x1026,DriveUnit.CONNECT_MODULE_AVAILABLE,,,not-available,DENIED,READ_RESPONSE,refused,DENIED
90-27,0x1027,DriveUnit.CONNECT_MODULE_IN_BOOTLOADER_AVAILABLE,,,not-available,DENIED,READ_RESPONSE,refused,DENIED
90-28,0x1028,DriveUnit.ANTI_LOCK_BRAKE_SYSTEM_AVAILABLE,,,not-available,DENIED,READ_RESPONSE,refused,DENIED
90-29,0x1029,DriveUnit.ANTI_LOCK_BRAKE_SYSTEM_IN_BOOTLOADER_AVAILABLE,,,not-available,DENIED,READ_RESPONSE,refused,DENIED
90-2A,0x102A,DriveUnit.BATTERY2_AVAILABLE,,,not-available,DENIED,READ_RESPONSE,refused,DENIED
90-2B,0x102B,DriveUnit.BATTERY2_IN_BOOTLOADER_AVAILABLE,,,not-available,DENIED,READ_RESPONSE,refused,DENIED
90-81,0x1081,DriveUnit.EXECUTE_INFORMATION_MANAGER_COMMAND_RIDER,,,command (not tested),,,,DENIED
90-82,0x1082,DriveUnit.EXECUTE_INFORMATION_MANAGER_COMMAND_IBD,,,command (not tested),,,,value
90-83,0x1083,DriveUnit.EXECUTE_INFORMATION_MANAGER_COMMAND_OEM,,,command (not tested),,,,value
90-84,0x1084,DriveUnit.EXECUTE_INFORMATION_MANAGER_COMMAND_SP,,,command (not tested),,,,value
90-85,0x1085,DriveUnit.EXECUTE_INFORMATION_MANAGER_COMMAND_BOSCH,,,command (not tested),,,,value
90-88,0x1088,DriveUnit.REPORT_ISSUE,,,not-available,DENIED,READ_RESPONSE,refused,DENIED
90-89,0x1089,DriveUnit.ISSUE_EVENT,,,not-available,DENIED,READ_RESPONSE,refused,DENIED
90-8A,0x108A,DriveUnit.ISSUE_VISUALIZATION_EVENT,,,not-available,UNSUPPORTED,READ_RESPONSE,refused,DENIED
90-8B,0x108B,DriveUnit.GET_ASSIST_MODE_INFORMATION,,yes,value (needs ConfigId arg),,RPC_RESPONSE,value,value
90-8C,0x108C,DriveUnit.GET_ASSIST_MODE_STATISTICS,,yes,not-available,,RPC_RESPONSE,value,value
90-8D,0x108D,DriveUnit.RESET_RIDE_STATISTICS,,,command (not tested),,,,value
90-8E,0x108E,DriveUnit.RESET_RANGE_CALCULATION,,,command (not tested),,,,value
90-90,0x1090,DriveUnit.READ_UDAM_VALUES,,yes,value (needs ConfigId arg),,RPC_RESPONSE,value,value
90-91,0x1091,DriveUnit.READ_UDAM_DEFAULT_VALUES,,yes,value (needs ConfigId arg),,RPC_RESPONSE,value,value
90-92,0x1092,DriveUnit.READ_UDAM_LIMITS,,yes,value (needs ConfigId arg),,RPC_RESPONSE,value,value
90-93,0x1093,DriveUnit.SET_UDAM_VALUES_PARAMETERS,,,command (verified working),,,,value
90-94,0x1094,DriveUnit.RESET_UDAM_VALUES,,,command (verified working),,,,value
90-95,0x1095,DriveUnit.ASSIST_MODE_STRENGTH,,,not-available,UNSUPPORTED,READ_RESPONSE,refused,value
90-96,0x1096,DriveUnit.ASSIST_MODE_IS_OEM_ADJUSTABLE,,,not-available,DENIED,READ_RESPONSE,refused,value
90-97,0x1097,DriveUnit.RESET_ALL_UDAM_VALUES,,,command (not tested),,,,value
90-98,0x1098,DriveUnit.RESET_REAR_WHEEL_CIRCUMFERENCE_USER,,,command (not tested),,,,DENIED
90-99,0x1099,DriveUnit.PLAY_SOUND,,,not-available,DENIED,READ_RESPONSE,refused,DENIED
90-9A,0x109A,DriveUnit.ALL_ISSUE_VISUALIZATION_EVENTS,,yes,value,,READ_RESPONSE,value,DENIED
90-9B,0x109B,DriveUnit.GET_TIME_UNTIL_DERATING,,,not-available,DENIED,READ_RESPONSE,refused,DENIED
90-9C,0x109C,DriveUnit.LIMIT_ASSISTANCE_FOR_POWER_CYCLE,,,not-available,UNSUPPORTED,READ_RESPONSE,refused,DENIED
90-9D,0x109D,DriveUnit.RESET_ACTIVE_ASSIST_MODES_TO_DEFAULT,,,command (not tested),,,,value
90-9E,0x109E,DriveUnit.RESET_GEAR_RATIOS,,,command (not tested),,,,timeout
90-A1,0x10A1,DriveUnit.CURRENT_MOUNTING_ANGLE_AT_STANDSTILL,,,not-available,DENIED,READ_RESPONSE,refused,value
90-A2,0x10A2,DriveUnit.RIM_MAGNET_TEST_TRIGGER,,,command (not tested),,,,value
90-A3,0x10A3,DriveUnit.RESET_RIDER_CONTEXT,,,command (not tested),,,,DENIED
90-A4,0x10A4,DriveUnit.ROTOR_POSITION_CALIBRATION_START,,,command (not tested),,,,UNSUPPORTED
90-A5,0x10A5,DriveUnit.DIAGNOSE_HUB_CABLE,,,not-available,DENIED,READ_RESPONSE,refused,DENIED
98-01,0x1801,DriveUnit.SERIAL_NUMBER,,yes,value,,READ_RESPONSE,value,value
98-02,0x1802,DriveUnit.PART_NUMBER,,yes,value,,READ_RESPONSE,value,value
98-03,0x1803,DriveUnit.PRODUCT_CODE,,yes,value,,READ_RESPONSE,value,value
98-04,0x1804,DriveUnit.HARDWARE_VERSION,,yes,value,,READ_RESPONSE,value,value
98-05,0x1805,DriveUnit.HARDWARE_SOFTWARE_VERSION,,yes,value,,READ_RESPONSE,value,value
98-06,0x1806,DriveUnit.SOFTWARE_VERSION,,yes,value,,READ_RESPONSE,value,value
98-07,0x1807,DriveUnit.BOOTLOADER_SOFTWARE_VERSION,,yes,value,,READ_RESPONSE,value,value
98-08,0x1808,DriveUnit.BIKE_SPEED,,yes,value,,READ_RESPONSE,value,value
98-09,0x1809,DriveUnit.ASSIST_MODE,,yes,supported-empty,,SUBSCRIBE_RESPONSE,supported-empty,value
98-0A,0x180A,DriveUnit.ASSIST_MODE_UP,,,not-available,DENIED,READ_RESPONSE,refused,DENIED
98-0B,0x180B,DriveUnit.ASSIST_MODE_DOWN,,,not-available,DENIED,READ_RESPONSE,refused,DENIED
98-0C,0x180C,DriveUnit.ASSIST_MODE_SHORT_NAMES,,yes,value,,READ_RESPONSE,value,value
98-0D,0x180D,DriveUnit.ASSIST_MODE_LONG_NAMES,,yes,value,,READ_RESPONSE,value,value
98-0E,0x180E,DriveUnit.ASSIST_MODE_COLORS,,yes,value,,READ_RESPONSE,value,value
98-0F,0x180F,DriveUnit.AVAILABLE_ASSIST_MODES_UPPER,,yes,value,,READ_RESPONSE,value,value
98-10,0x1810,DriveUnit.DATA_MODEL_VERSION,,,not-available,DENIED,READ_RESPONSE,refused,DENIED
98-11,0x1811,DriveUnit.DISTRACTED_RIDING_ALERT,,yes,value,,READ_RESPONSE,value,value
98-12,0x1812,DriveUnit.DRIVE_UNIT_FEATURE_PROPERTIES_RELEASE1,,yes,value,,READ_RESPONSE,value,value
98-13,0x1813,DriveUnit.MAXIMUM_LEGAL_BIKE_SPEED,km/h,,value,,READ_RESPONSE,value,value
98-14,0x1814,DriveUnit.RIDER_TORQUE,Nm,yes,supported-empty,,READ_RESPONSE,supported-empty,DENIED
98-15,0x1815,DriveUnit.MOTOR_TORQUE,Nm,yes,supported-empty,,READ_RESPONSE,supported-empty,DENIED
98-16,0x1816,DriveUnit.MAXIMUM_GEAR_RATIO,,,not-available,DENIED,READ_RESPONSE,refused,value
98-17,0x1817,DriveUnit.MAXIMUM_ASSISTANCE_SPEED,km/h,yes,value,,READ_RESPONSE,value,value
98-18,0x1818,DriveUnit.ODOMETER,m,yes,value,,READ_RESPONSE,value,value
98-19,0x1819,DriveUnit.POWER_ON_TIME,s,yes,value,,READ_RESPONSE,value,value
98-1A,0x181A,DriveUnit.BIKE_NOT_DRIVING,,yes,value,,READ_RESPONSE,value,DENIED
98-1B,0x181B,DriveUnit.ALWAYS_SHOW_BIKE_SPEED_IN_DISPLAY,,yes,supported-empty,,READ_RESPONSE,supported-empty,value
98-1C,0x181C,DriveUnit.BIKE_LIGHT,,,supported-empty,,READ_RESPONSE,supported-empty,value
98-1D,0x181D,DriveUnit.ROAD_SLOPE,,yes,value,,READ_RESPONSE,value,value
98-1E,0x181E,DriveUnit.PRESENT_ASSIST_FACTOR,%,,not-available,DENIED,READ_RESPONSE,refused,value
98-1F,0x181F,DriveUnit.BIKE_LIGHT_CONFIGURATION_OEM,,yes,value,,READ_RESPONSE,value,value
98-20,0x1820,DriveUnit.BIKE_LIGHT_AVAILABLE,,yes,supported-empty,,SUBSCRIBE_RESPONSE,supported-empty,value
98-21,0x1821,DriveUnit.BIKE_LIGHT_CONFIGURATION,,,supported-empty,,READ_RESPONSE,supported-empty,value
98-22,0x1822,DriveUnit.BIKE_LIGHT_POWER,,,not-available,DENIED,READ_RESPONSE,refused,value
98-23,0x1823,DriveUnit.START_ASSIST_MODE_CONFIGURATION_OEM,,,command (not tested),,,,value
98-24,0x1824,DriveUnit.START_ASSIST_MODE_CONFIGURATION,,,command (not tested),,,,value
98-25,0x1825,DriveUnit.WALK_ASSIST_CONFIGURATION_OEM,,yes,value,,READ_RESPONSE,value,value
98-26,0x1826,DriveUnit.WALK_ASSIST_CONFIGURATION,,yes,value,,READ_RESPONSE,value,value
98-27,0x1827,DriveUnit.PRODUCT_LINE,,yes,value,,READ_RESPONSE,value,value
98-28,0x1828,DriveUnit.REAR_WHEEL_CIRCUMFERENCE_OEM,mm,yes,value,,READ_RESPONSE,value,value
98-29,0x1829,DriveUnit.REAR_WHEEL_CIRCUMFERENCE_USER,mm,yes,value,,READ_RESPONSE,value,value
98-2A,0x182A,DriveUnit.OEM_BRAND_IDENTIFIER,,yes,value,,READ_RESPONSE,value,value
98-2B,0x182B,DriveUnit.GEARING_SYSTEM,,yes,value,,READ_RESPONSE,value,value
98-2C,0x182C,DriveUnit.BIKE_ID,,yes,value,,READ_RESPONSE,value,value
98-2D,0x182D,DriveUnit.DISPLAYED_BIKE_SPEED,,yes,value,,READ_RESPONSE,value,value
98-2E,0x182E,DriveUnit.PRODUCT_NAME,,yes,value,,READ_RESPONSE,value,value
98-2F,0x182F,DriveUnit.REAR_WHEEL_CIRCUMFERENCE_USER_LIMITS,,yes,value,,READ_RESPONSE,value,value
98-30,0x1830,DriveUnit.OEM_PORT_CONFIGURATION,,,not-available,DENIED,READ_RESPONSE,refused,value
98-31,0x1831,DriveUnit.LOW_POWER_PORT_ACTIVE,,,not-available,DENIED,READ_RESPONSE,refused,value
98-32,0x1832,DriveUnit.HIGH_POWER_PORT_ACTIVE,,,not-available,DENIED,READ_RESPONSE,refused,value
98-33,0x1833,DriveUnit.BATTERY_KEY_LOCK_NUMBER,,,not-available,DENIED,READ_RESPONSE,refused,value
98-34,0x1834,DriveUnit.COMPONENT_LOCKED,,yes,supported-empty,,SUBSCRIBE_RESPONSE,supported-empty,value
98-35,0x1835,DriveUnit.COMPONENT_LOCK_CONFIGURATION,,yes,value,,READ_RESPONSE,value,value
98-36,0x1836,DriveUnit.IS_SAMPLE_SOFTWARE,,,not-available,DENIED,READ_RESPONSE,refused,value
98-37,0x1837,DriveUnit.MANUFACTURING_DATE,,yes,value,,READ_RESPONSE,value,value
98-38,0x1838,DriveUnit.PRODUCT_APPLICATION_REQUIRED,,yes,value,,READ_RESPONSE,value,value
98-39,0x1839,DriveUnit.PRODUCT_APPLICATION_AVAILABLE,,yes,value,,READ_RESPONSE,value,value
98-3A,0x183A,DriveUnit.GEARSHIFT_APPLICATION_REQUIRED,,yes,value,,READ_RESPONSE,value,value
98-3B,0x183B,DriveUnit.GEARSHIFT_APPLICATION_AVAILABLE,,yes,value,,READ_RESPONSE,value,value
98-3C,0x183C,DriveUnit.REGIO_SPEED_APPLICATION_REQUIRED,,yes,value,,READ_RESPONSE,value,value
98-3D,0x183D,DriveUnit.REGIO_SPEED_APPLICATION_AVAILABLE,,yes,value,,READ_RESPONSE,value,value
98-3E,0x183E,DriveUnit.REQUIRED_ASSIST_MODES_UPPER,,yes,supported-empty,,READ_RESPONSE,supported-empty,value
98-3F,0x183F,DriveUnit.ADDING_ASSIST_MODES_LOCKED,,yes,supported-empty,,READ_RESPONSE,supported-empty,value
98-40,0x1840,DriveUnit.OEM_SPEED_SOURCE_CONFIGURATION,,,not-available,DENIED,READ_RESPONSE,refused,value
98-41,0x1841,DriveUnit.SPEED_SOURCE,,,not-available,DENIED,READ_RESPONSE,refused,value
98-42,0x1842,DriveUnit.MAXIMUM_ASSISTANCE_SPEED_IBD,km/h,yes,value,,READ_RESPONSE,value,value
98-43,0x1843,DriveUnit.BIKE_CATEGORY_CONFIGURATION,,,not-available,DENIED,READ_RESPONSE,refused,value
98-44,0x1844,DriveUnit.IN_SOFTWARE_INSTALLATION_STATE,,,command (not tested),,,,value
98-45,0x1845,DriveUnit.SPEED_DISPLAY_TOLERANCE,,,not-available,DENIED,READ_RESPONSE,refused,value
98-46,0x1846,DriveUnit.UDAM_MODIFICATION_POSSIBLE,,yes,value,,READ_RESPONSE,value,value
98-47,0x1847,DriveUnit.LOCK_ACCESS_CERTIFICATE_CHAIN,,,not-available,DENIED,READ_RESPONSE,refused,DENIED
98-48,0x1848,DriveUnit.CONNECT_MODULE_READY,,yes,supported-empty,,READ_RESPONSE,supported-empty,value
98-49,0x1849,DriveUnit.RANGE_EXTENDER_READY,,yes,supported-empty,,READ_RESPONSE,supported-empty,value
98-4A,0x184A,DriveUnit.TOTAL_RIDING_TIME_WITHOUT_STOPS,s,,not-available,DENIED,READ_RESPONSE,refused,DENIED
98-4B,0x184B,DriveUnit.ENTERING_ENERGY_RESERVE,,,not-available,DENIED,READ_RESPONSE,refused,DENIED
98-4C,0x184C,DriveUnit.PRODUCTION_PLANT_CODE,,,not-available,DENIED,READ_RESPONSE,refused,value
98-4D,0x184D,DriveUnit.SPEED_MANIPULATION_STATUS,,,not-available,DENIED,READ_RESPONSE,refused,value
98-4E,0x184E,DriveUnit.ACTIVE_ASSIST_MODES,,yes,value,,READ_RESPONSE,value,value
98-4F,0x184F,DriveUnit.RIDE_STATISTICS,,,not-available,DENIED,READ_RESPONSE,refused,value
98-50,0x1850,DriveUnit.SHIFT_RECOMMENDATION,,,supported-empty,,READ_RESPONSE,supported-empty,DENIED
98-51,0x1851,DriveUnit.TUNING_DETECTION,,yes,supported-empty,,READ_RESPONSE,supported-empty,value
98-52,0x1852,DriveUnit.MOTOR_POWER_CONFIGURATION,,,not-available,DENIED,READ_RESPONSE,refused,value
98-53,0x1853,DriveUnit.MOTOR_CUT_OFF_DISTANCE,,,not-available,DENIED,READ_RESPONSE,refused,value
98-54,0x1854,DriveUnit.FRONT_ANTI_LOCK_BRAKE_SYSTEM_ASSEMBLED,,yes,supported-empty,,READ_RESPONSE,supported-empty,value
98-55,0x1855,DriveUnit.BIKE_CATEGORY,,yes,value,,READ_RESPONSE,value,value
98-56,0x1856,DriveUnit.ENERGY_RESERVE,,,not-available,DENIED,READ_RESPONSE,refused,DENIED
98-57,0x1857,DriveUnit.REACHABLE_RANGE,,yes,value,,READ_RESPONSE,value,DENIED
98-58,0x1858,DriveUnit.SPEED_BIKE_SIGNAL_LAMP_REQUIRED,,,not-available,DENIED,READ_RESPONSE,refused,value
98-5A,0x185A,DriveUnit.RIDER_CADENCE,rpm,yes,supported-empty,,READ_RESPONSE,supported-empty,value
98-5B,0x185B,DriveUnit.RIDER_POWER,W,yes,supported-empty,,SUBSCRIBE_RESPONSE,supported-empty,DENIED
98-5C,0x185C,DriveUnit.MOTOR_CADENCE,rpm,,not-available,DENIED,READ_RESPONSE,refused,DENIED
98-5D,0x185D,DriveUnit.MOTOR_POWER,W,yes,supported-empty,,SUBSCRIBE_RESPONSE,supported-empty,DENIED
98-5E,0x185E,DriveUnit.OEM_BIKE_ID,,yes,value,,READ_RESPONSE,value,value
98-5F,0x185F,DriveUnit.OEM_MANUFACTURING_LOCATION,,yes,value,,READ_RESPONSE,value,value
98-60,0x1860,DriveUnit.OEM_MANUFACTURING_LINE,,yes,supported-empty,,READ_RESPONSE,supported-empty,value
98-61,0x1861,DriveUnit.OEM_MANUFACTURING_DATE,,yes,value,,READ_RESPONSE,value,value
98-62,0x1862,DriveUnit.OEM_FREE_TEXT_FIELD,,yes,supported-empty,,READ_RESPONSE,supported-empty,value
98-63,0x1863,DriveUnit.TRIGGER_ALERT,,,command (not tested),,,,DENIED
98-64,0x1864,DriveUnit.BOOTMANAGER_SOFTWARE_VERSION,,,not-available,DENIED,READ_RESPONSE,refused,DENIED
98-65,0x1865,DriveUnit.BIKE_NOT_MOVING,,yes,value,,READ_RESPONSE,value,DENIED
98-66,0x1866,DriveUnit.COMPONENT_STATE,,,not-available,DENIED,READ_RESPONSE,refused,DENIED
98-67,0x1867,DriveUnit.SPEED_RANGE,,,not-available,DENIED,READ_RESPONSE,refused,DENIED
98-68,0x1868,DriveUnit.AVAILABLE_ASSIST_MODES_LOWER,,,value,,READ_RESPONSE,value,value
98-69,0x1869,DriveUnit.REQUIRED_ASSIST_MODES_LOWER,,yes,value,,READ_RESPONSE,value,value
98-6A,0x186A,DriveUnit.WALK_ASSIST_STATUS,,yes,supported-empty,,SUBSCRIBE_RESPONSE,supported-empty,DENIED
98-6B,0x186B,DriveUnit.WALK_ASSIST_CONTROL,,,not-available,DENIED,READ_RESPONSE,refused,DENIED
98-6C,0x186C,DriveUnit.OEM_BRAND_NAME,,yes,value,,READ_RESPONSE,value,value
98-6D,0x186D,DriveUnit.POWER_ON_TIME_WITH_MOTOR_SUPPORT,s,yes,value,,READ_RESPONSE,value,value
98-6E,0x186E,DriveUnit.UNLOCK_COMPONENT,,,not-available,UNSUPPORTED,READ_RESPONSE,refused,DENIED
98-6F,0x186F,DriveUnit.SOUND_STATUS,,,not-available,DENIED,READ_RESPONSE,refused,DENIED
98-70,0x1870,DriveUnit.DRIVE_UNIT_FEATURE_PROPERTIES_RELEASE2,,yes,value,,READ_RESPONSE,value,value
98-71,0x1871,DriveUnit.DRIVE_UNIT_FEATURE_PROPERTIES_RELEASE3,,yes,value,,READ_RESPONSE,value,value
98-72,0x1872,DriveUnit.SMARTPHONE_APP_AVAILABLE_IN_CURRENT_REGION,,,not-available,DENIED,READ_RESPONSE,refused,DENIED
98-73,0x1873,DriveUnit.NAVIGATION_AVAILABLE_IN_CURRENT_REGION,,,not-available,DENIED,READ_RESPONSE,refused,DENIED
98-74,0x1874,DriveUnit.MAXIMUM_AVAILABLE_MOTOR_POWER,,yes,value,,READ_RESPONSE,value,value
98-75,0x1875,DriveUnit.OEM_BIKE_MODEL_ID,,yes,value,,READ_RESPONSE,value,value
98-76,0x1876,DriveUnit.AVERAGE_RIDER_CADENCE,,,not-available,DENIED,READ_RESPONSE,refused,value
98-77,0x1877,DriveUnit.MAXIMUM_AVAILABLE_MOTOR_TORQUE,Nm,,not-available,DENIED,READ_RESPONSE,refused,value
98-78,0x1878,DriveUnit.EXTENDED_BIKE_SPEED,,,not-available,DENIED,READ_RESPONSE,refused,value
98-79,0x1879,DriveUnit.EASTER_EGG,,,not-available,DENIED,READ_RESPONSE,refused,DENIED
98-7A,0x187A,DriveUnit.DRIVE_UNIT_FEATURE_PROPERTIES_RELEASE4,,yes,value,,READ_RESPONSE,value,DENIED
98-7B,0x187B,DriveUnit.OEM_MULTI_PURPOSE_PORT_CONFIGURATION,,,not-available,DENIED,READ_RESPONSE,refused,value
98-7C,0x187C,DriveUnit.MULTI_PURPOSE_PORT_STATUS,,,not-available,DENIED,READ_RESPONSE,refused,value
98-7D,0x187D,DriveUnit.REGIO_SPEED_CONFIGURATION,,yes,value,,READ_RESPONSE,value,value
98-7E,0x187E,DriveUnit.IS_SPEED_PEDELEC,,yes,supported-empty,,READ_RESPONSE,supported-empty,DENIED
98-7F,0x187F,DriveUnit.PROHIBIT_MOTOR_SUPPORT,,,not-available,DENIED,READ_RESPONSE,refused,DENIED
98-80,0x1880,DriveUnit.DRIVE_UNIT_STATIC_FEATURE_PROPERTIES,,yes,value,,READ_RESPONSE,value,value
98-81,0x1881,DriveUnit.MOTOR_INTERACTION_REQUEST,,,not-available,DENIED,READ_RESPONSE,refused,DENIED
98-82,0x1882,DriveUnit.DEAD_CENTER_PREDICTION,,,not-available,DENIED,READ_RESPONSE,refused,DENIED
98-83,0x1883,DriveUnit.MOTOR_SUPPORT_ACTIVE,,,not-available,DENIED,READ_RESPONSE,refused,DENIED
98-84,0x1884,DriveUnit.PRESENT_PCB_TEMPERATURE,°C,,value,,READ_RESPONSE,value,value
98-85,0x1885,DriveUnit.LIMIT_MAXIMUM_MOTOR_POWER,W,,not-available,DENIED,READ_RESPONSE,refused,DENIED
98-86,0x1886,DriveUnit.LIMIT_MAXIMUM_MOTOR_TORQUE,Nm,,not-available,DENIED,READ_RESPONSE,refused,DENIED
98-87,0x1887,DriveUnit.CONTINUOUS_MOTOR_TORQUE,Nm,,not-available,DENIED,READ_RESPONSE,refused,DENIED
98-88,0x1888,DriveUnit.TRICK_DETECTION_STATUS,,,not-available,DENIED,READ_RESPONSE,refused,DENIED
98-89,0x1889,DriveUnit.MOUNTING_ANGLE,,,not-available,DENIED,READ_RESPONSE,refused,value
98-8A,0x188A,DriveUnit.AUTOMATIC_MODE_AVAILABLE,,,not-available,DENIED,READ_RESPONSE,refused,DENIED
98-8B,0x188B,DriveUnit.ASSIST_MODE_LIMITS,,yes,value,,READ_RESPONSE,value,DENIED
98-8C,0x188C,DriveUnit.MAXIMUM_CONFIGURED_DISCHARGE_CURRENT,A,yes,value,,READ_RESPONSE,value,DENIED
98-8D,0x188D,DriveUnit.REAR_CASSETTE_ANGULAR_SPEED,rpm,,not-available,DENIED,READ_RESPONSE,refused,DENIED
98-8E,0x188E,DriveUnit.WALK_ASSIST_TIP,,,not-available,DENIED,READ_RESPONSE,refused,DENIED
98-8F,0x188F,DriveUnit.CHAIN_STATE,,,not-available,DENIED,READ_RESPONSE,refused,DENIED
98-90,0x1890,DriveUnit.MOTOR_INTERACTION_CONFIG,ms,,not-available,DENIED,READ_RESPONSE,refused,DENIED
98-93,0x1893,DriveUnit.SPEED_TUNING_PREDICTED,,,not-available,DENIED,READ_RESPONSE,refused,DENIED
98-94,0x1894,DriveUnit.CRASH_DETECTION_STATUS,,,supported-empty,,READ_RESPONSE,supported-empty,DENIED
98-95,0x1895,DriveUnit.CRASH_DETECTION_CONFIG,,,supported-empty,,READ_RESPONSE,supported-empty,DENIED
98-96,0x1896,DriveUnit.OEM_TORQUE_LIMITATION,,yes,value,,READ_RESPONSE,value,value
98-97,0x1897,DriveUnit.REDUCE_INPUT_CURRENT,,,not-available,DENIED,READ_RESPONSE,refused,DENIED
98-98,0x1898,DriveUnit.RIM_MAGNET_TEST_STATUS,,,not-available,DENIED,READ_RESPONSE,refused,value
98-99,0x1899,DriveUnit.OEM_HUB_CONFIGURABLE_PORT_CONFIGURATION,,,not-available,DENIED,READ_RESPONSE,refused,value
98-9A,0x189A,DriveUnit.HUB_CONFIGURABLE_PORT_STATUS,,,not-available,DENIED,READ_RESPONSE,refused,value
98-9B,0x189B,DriveUnit.OEM_THROTTLE_CONFIGURATION,,,not-available,DENIED,READ_RESPONSE,refused,value
98-9C,0x189C,DriveUnit.THROTTLE_CONFIGURATION,,yes,supported-empty,,READ_RESPONSE,supported-empty,value
98-9D,0x189D,DriveUnit.ODOMETER_MOTOR,m,,not-available,DENIED,READ_RESPONSE,refused,value
98-9E,0x189E,DriveUnit.MOTOR_PRODUCT_CODE,,yes,supported-empty,,READ_RESPONSE,supported-empty,value
98-9F,0x189F,DriveUnit.MOUNTING_ANGLE_ROLL,°,,not-available,DENIED,READ_RESPONSE,refused,value
98-A0,0x18A0,DriveUnit.ROTOR_POSITION_CALIBRATION_RESULT,,,command (not tested),,,,value
98-A1,0x18A1,DriveUnit.BRAKE_DETECTION_STATUS,,,not-available,DENIED,READ_RESPONSE,refused,DENIED
98-A2,0x18A2,DriveUnit.RESET_HUB_CABLE_DIAGNOSIS,,,command (not tested),,,,DENIED
98-A3,0x18A3,DriveUnit.TUNING_DETECTION_CONFIG,,,not-available,DENIED,READ_RESPONSE,refused,DENIED
98-A4,0x18A4,DriveUnit.ASSIST_MODE_LIMITS_V2,,,not-available,DENIED,READ_RESPONSE,refused,DENIED
98-A5,0x18A5,DriveUnit.ESTIMATED_MOUNTING_ANGLE_INFORMATION,,,command (not tested),,,,DENIED
98-A7,0x18A7,DriveUnit.OEM_COMPONENT_LOCK_ENABLE,,,command (not tested),,,,DENIED
A0-11,0x2011,RemoteControl.ACTIVE_UI_PRIORITY,,yes,value,,READ_RESPONSE,value,DENIED
A0-12,0x2012,RemoteControl.ACTIVE_UI_COMPONENT,,,not-available,DENIED,READ_RESPONSE,refused,DENIED
A0-21,0x2021,RemoteControl.TIME_ZONE,,,value,,READ_RESPONSE,value,value
A0-22,0x2022,RemoteControl.TIME,,,value,,READ_RESPONSE,value,value
A0-23,0x2023,RemoteControl.LOCAL_TIME_OFFSET,,,value,,READ_RESPONSE,value,value
A0-24,0x2024,RemoteControl.POWER_CYCLE_SYNC_TIME,,,not-available,DENIED,READ_RESPONSE,refused,DENIED
A0-25,0x2025,RemoteControl.POWER_CYCLE_TIME,,,value,,READ_RESPONSE,value,DENIED
A0-26,0x2026,RemoteControl.RESET_LAST_STORED_TIME,,,command (not tested),,,,DENIED
A0-27,0x2027,RemoteControl.LAST_STORED_TIME_RESET_NONCE,,,command (not tested),,,,value
A0-33,0x2033,RemoteControl.SHUTDOWN_REASON,,,command (not tested),,,,DENIED
A0-34,0x2034,RemoteControl.ENTER_BOOTLOADER,,,not-available,DENIED,READ_RESPONSE,refused,value
A0-36,0x2036,RemoteControl.EXECUTE_FACTORY_RESET,,,command (not tested),,,,value
A0-37,0x2037,RemoteControl.CPU_LOAD,,,not-available,DENIED,READ_RESPONSE,refused,DENIED
A0-41,0x2041,RemoteControl.AVAILABLE_BUTTONS,,yes,value,,READ_RESPONSE,value,DENIED
A0-42,0x2042,RemoteControl.BUTTON_EVENT,,,not-available,UNSUPPORTED,READ_RESPONSE,refused,value
A0-43,0x2043,RemoteControl.SIMULATE_BUTTON_EVENT,,,not-available,DENIED,READ_RESPONSE,refused,value
A0-44,0x2044,RemoteControl.BUTTON_EVENTS_ENABLED,,,command (not tested),,,,value
A0-45,0x2045,RemoteControl.AVAILABLE_BUTTON_DESCRIPTORS,,,not-available,DENIED,READ_RESPONSE,refused,DENIED
A0-46,0x2046,RemoteControl.PRESSED_BUTTONS,,,supported-empty,,READ_RESPONSE,supported-empty,value
A0-47,0x2047,RemoteControl.UI_CONTROL,,,not-available,DENIED,READ_RESPONSE,refused,DENIED
A0-48,0x2048,RemoteControl.REQUEST_DYNAMIC_UI_CONTROL,,,command (not tested),,,,DENIED
A0-49,0x2049,RemoteControl.DYNAMIC_UI_CONTROL_STATE,,,not-available,DENIED,READ_RESPONSE,refused,DENIED
A0-51,0x2051,RemoteControl.DIAGNOSIS_PROGRAM_ACTIVE,,,supported-empty,,READ_RESPONSE,supported-empty,DENIED
A0-61,0x2061,RemoteControl.SERIAL_NUMBER,,yes,value,,READ_RESPONSE,value,value
A0-62,0x2062,RemoteControl.PART_NUMBER,,yes,value,,READ_RESPONSE,value,value
A0-63,0x2063,RemoteControl.HARDWARE_VERSION,,yes,value,,READ_RESPONSE,value,value
A0-64,0x2064,RemoteControl.HARDWARE_SOFTWARE_VERSION,,yes,value,,READ_RESPONSE,value,value
A0-65,0x2065,RemoteControl.PRODUCT_CODE,,yes,value,,READ_RESPONSE,value,value
A0-66,0x2066,RemoteControl.MANUFACTURING_DATE,,yes,value,,READ_RESPONSE,value,value
A0-67,0x2067,RemoteControl.PRODUCTION_PLANT_CODE,,,not-available,DENIED,READ_RESPONSE,refused,value
A0-68,0x2068,RemoteControl.PRODUCTION_LINE,,,not-available,DENIED,READ_RESPONSE,refused,value
A0-69,0x2069,RemoteControl.ROOT_CERTIFICATE,,,not-tested,,,no-response,value
A0-6A,0x206A,RemoteControl.EASTER_EGG,,,not-available,DENIED,READ_RESPONSE,refused,DENIED
A0-6B,0x206B,RemoteControl.SOFTWARE_VERSION,,yes,value,,READ_RESPONSE,value,value
A0-6C,0x206C,RemoteControl.GIT_INFORMATION,,,command (not tested),,,,DENIED
A0-6D,0x206D,RemoteControl.BUILD_INFORMATION,,,command (not tested),,,,DENIED
A0-6E,0x206E,RemoteControl.BOOTLOADER_SOFTWARE_VERSION,,yes,value,,READ_RESPONSE,value,value
A0-6F,0x206F,RemoteControl.PRODUCT_NAME,,yes,value,,READ_RESPONSE,value,value
A0-70,0x2070,RemoteControl.IS_SAMPLE_SOFTWARE,,,not-available,DENIED,READ_RESPONSE,refused,value
A0-71,0x2071,RemoteControl.DATA_MODEL_VERSION,,,not-available,DENIED,READ_RESPONSE,refused,timeout
A0-73,0x2073,RemoteControl.IS_SAMPLE_HARDWARE,,,not-available,DENIED,READ_RESPONSE,refused,DENIED
A0-81,0x2081,RemoteControl.DRIVE_UNIT_AVAILABLE,,yes,value,,READ_RESPONSE,value,value
A0-82,0x2082,RemoteControl.DRIVE_UNIT_IN_BOOTLOADER_AVAILABLE,,,supported-empty,,READ_RESPONSE,supported-empty,value
A0-83,0x2083,RemoteControl.BATTERY1_AVAILABLE,,yes,value,,READ_RESPONSE,value,value
A0-84,0x2084,RemoteControl.BATTERY1_IN_BOOTLOADER_AVAILABLE,,,supported-empty,,READ_RESPONSE,supported-empty,value
A0-85,0x2085,RemoteControl.HEAD_UNIT_AVAILABLE,,yes,value,,READ_RESPONSE,value,value
A0-86,0x2086,RemoteControl.HEAD_UNIT_IN_BOOTLOADER_AVAILABLE,,,supported-empty,,READ_RESPONSE,supported-empty,value
A0-87,0x2087,RemoteControl.CONNECT_MODULE_AVAILABLE,,yes,supported-empty,,READ_RESPONSE,supported-empty,value
A0-88,0x2088,RemoteControl.CONNECT_MODULE_IN_BOOTLOADER_AVAILABLE,,yes,supported-empty,,READ_RESPONSE,supported-empty,value
A0-89,0x2089,RemoteControl.ANTI_LOCK_BRAKE_SYSTEM_AVAILABLE,,yes,supported-empty,,READ_RESPONSE,supported-empty,value
A0-8A,0x208A,RemoteControl.ANTI_LOCK_BRAKE_SYSTEM_IN_BOOTLOADER_AVAILABLE,,yes,supported-empty,,READ_RESPONSE,supported-empty,value
A0-8C,0x208C,RemoteControl.BATTERY2_AVAILABLE,,yes,supported-empty,,READ_RESPONSE,supported-empty,value
A0-8D,0x208D,RemoteControl.BATTERY2_IN_BOOTLOADER_AVAILABLE,,yes,supported-empty,,READ_RESPONSE,supported-empty,value
A0-8E,0x208E,RemoteControl.KEY_EXCHANGE_PENDING,,,supported-empty,,READ_RESPONSE,supported-empty,value
A0-94,0x2094,RemoteControl.CAN_TIME_SYNC_ENABLED,,,command (not tested),,,,DENIED
A0-A1,0x20A1,RemoteControl.UI_PRIORITY,,,not-available,DENIED,READ_RESPONSE,refused,DENIED
A0-A2,0x20A2,RemoteControl.LED_COLORS,,,not-available,DENIED,READ_RESPONSE,refused,UNSUPPORTED
A0-A3,0x20A3,RemoteControl.LED_TEST_MODE_ENABLED,,,command (not tested),,,,value
A0-A4,0x20A4,RemoteControl.SIGNAL_LAMP_HASH_WITH_ALIVE_COUNTER,,,not-available,DENIED,READ_RESPONSE,refused,DENIED
A0-A5,0x20A5,RemoteControl.WELCOME_PATTERN_FINISHED,,,not-available,DENIED,READ_RESPONSE,refused,DENIED
A0-A6,0x20A6,RemoteControl.DISMISS_ERROR_PATTERN,,,not-available,UNSUPPORTED,READ_RESPONSE,refused,DENIED
A0-A7,0x20A7,RemoteControl.ERROR_PATTERN_ACTIVE,,,supported-empty,,READ_RESPONSE,supported-empty,DENIED
A0-A8,0x20A8,RemoteControl.CRITICAL_ERROR_PATTERN_ACTIVE,,,supported-empty,,READ_RESPONSE,supported-empty,DENIED
A0-A9,0x20A9,RemoteControl.REQUEST_PLUS_MINUS_BUTTON_CONTROL_BY_ACTIVE_UI,,,command (not tested),,,,DENIED
A0-AA,0x20AA,RemoteControl.PLUS_MINUS_BUTTON_CONTROL_BY_ACTIVE_UI,,yes,supported-empty,,READ_RESPONSE,supported-empty,DENIED
A0-AB,0x20AB,RemoteControl.SI_LA_LED_ENABLED,,,command (not tested),,,,value
A0-AC,0x20AC,RemoteControl.VISUALIZABLE_ISSUE_TYPES,,,not-available,DENIED,READ_RESPONSE,refused,DENIED
A0-AD,0x20AD,RemoteControl.UPDATE_ISSUE_VISUALIZATION,,,not-available,DENIED,READ_RESPONSE,refused,DENIED
A0-AF,0x20AF,RemoteControl.LCD_TEST_MODE,,,not-available,DENIED,READ_RESPONSE,refused,NO_ROUTE_FOUND
A0-B0,0x20B0,RemoteControl.STATUSBAR_CUSTOMIZATION,,,not-available,DENIED,READ_RESPONSE,refused,DENIED
A0-B1,0x20B1,RemoteControl.REQUEST_DYNAMIC_BUTTON_CONTROL_BY_ACTIVE_UI,,,command (not tested),,,,DENIED
A0-B2,0x20B2,RemoteControl.DYNAMIC_BUTTON_CONTROL_BY_ACTIVE_UI,,,not-available,DENIED,READ_RESPONSE,refused,DENIED
A0-B4,0x20B4,RemoteControl.SUPPORTED_LANGUAGES,,,not-available,DENIED,READ_RESPONSE,refused,timeout
A0-B5,0x20B5,RemoteControl.VIEW_STRIPE_CAPABILITIES,,,not-available,NO_ROUTE_FOUND,READ_RESPONSE,refused,DENIED
A0-B6,0x20B6,RemoteControl.FEATURE_STREAMING_CAPABILITIES,,,not-available,NO_ROUTE_FOUND,RPC_RESPONSE,refused,DENIED
A0-B7,0x20B7,RemoteControl.FEATURE_STREAMING_TILES_OF_INTEREST,,,not-available,NO_ROUTE_FOUND,READ_RESPONSE,refused,DENIED
A0-B8,0x20B8,RemoteControl.VIEW_STRIPE_CONFIGURATION_ID,,,not-available,NO_ROUTE_FOUND,READ_RESPONSE,refused,DENIED
A0-B9,0x20B9,RemoteControl.VIEW_STRIPE_CONFIGURATION,,,not-available,NO_ROUTE_FOUND,READ_RESPONSE,refused,DENIED
A0-BA,0x20BA,RemoteControl.GET_CATEGORY_CONFIGURATION,,,not-available,NO_ROUTE_FOUND,READ_RESPONSE,refused,DENIED
A0-BB,0x20BB,RemoteControl.SET_CATEGORY_CONFIGURATION,,,command (not tested),,,,DENIED
A0-BC,0x20BC,RemoteControl.SET_TILE_CONTENT,,,command (not tested),,,,DENIED
A0-BD,0x20BD,RemoteControl.SHOW_VIEW_STRIPE_CONFIGURATION,,,not-available,NO_ROUTE_FOUND,READ_RESPONSE,refused,DENIED
A0-BE,0x20BE,RemoteControl.STORE_VIEW_STRIPE_CONFIGURATION,,,not-available,NO_ROUTE_FOUND,READ_RESPONSE,refused,DENIED
A0-BF,0x20BF,RemoteControl.DEBUG_UI_POSITION,,,not-available,DENIED,READ_RESPONSE,refused,DENIED
A0-C1,0x20C1,RemoteControl.DOWNLOAD_CONFIGURATION_CONTAINER,,,not-available,UNSUPPORTED,READ_RESPONSE,refused,value
A0-C2,0x20C2,RemoteControl.CANCEL_CONFIGURATION_CONTAINER_DOWNLOADS,,,not-available,UNSUPPORTED,READ_RESPONSE,refused,value
A0-C3,0x20C3,RemoteControl.CONFIGURATION_CONTAINER_DOWNLOADS_FINISHED,,,supported-empty,,READ_RESPONSE,supported-empty,value
A0-C4,0x20C4,RemoteControl.DOWNLOAD_SOFTWARE_UPDATE_MANIFEST,,,not-available,UNSUPPORTED,READ_RESPONSE,refused,value
A0-C5,0x20C5,RemoteControl.CANCEL_SOFTWARE_UPDATE_DOWNLOADS,,,not-available,UNSUPPORTED,READ_RESPONSE,refused,value
A0-C6,0x20C6,RemoteControl.SOFTWARE_UPDATE_DOWNLOADS_FINISHED,,,value,,READ_RESPONSE,value,value
A0-C7,0x20C7,RemoteControl.CURRENT_MANIFEST,,yes,value,,READ_RESPONSE,value,value
A0-C8,0x20C8,RemoteControl.DOWNLOAD_CONFIGURATION_CONTAINER_V2,,,not-available,DENIED,READ_RESPONSE,refused,DENIED
A0-E1,0x20E1,RemoteControl.INSTALL_CONFIGURATION_CONTAINERS,,,command (not tested),,,,value
A0-E2,0x20E2,RemoteControl.SOFTWARE_UPDATE_AVAILABLE_FOR_INSTALLATION,,,command (not tested),,,,value
A0-E3,0x20E3,RemoteControl.INSTALL_SOFTWARE_UPDATE,,,command (not tested),,,,value
A0-E4,0x20E4,RemoteControl.SOFTWARE_UPDATE_STATUS,,yes,value,,READ_RESPONSE,value,value
A0-E6,0x20E6,RemoteControl.DRIVE_UNIT_UDS_IDENTIFICATION_DATA,,,value,,READ_RESPONSE,value,value
A0-E7,0x20E7,RemoteControl.BATTERY1_UDS_IDENTIFICATION_DATA,,,value,,READ_RESPONSE,value,value
A0-E8,0x20E8,RemoteControl.HEAD_UNIT_UDS_IDENTIFICATION_DATA,,,value,,READ_RESPONSE,value,value
A0-E9,0x20E9,RemoteControl.CONNECT_MODULE_UDS_IDENTIFICATION_DATA,,,supported-empty,,READ_RESPONSE,supported-empty,value
A0-EA,0x20EA,RemoteControl.ANTI_LOCK_BRAKE_SYSTEM_UDS_IDENTIFICATION_DATA,,,supported-empty,,READ_RESPONSE,supported-empty,value
A0-EB,0x20EB,RemoteControl.SOFTWARE_INSTALLATION_STATE_REQUESTED,,,command (not tested),,,,value
A0-EC,0x20EC,RemoteControl.SOFTWARE_INSTALLATION_STATE_PRECONDITIONS_STATE,,,command (not tested),,,,value
A0-ED,0x20ED,RemoteControl.UPDATE_PROGRESS_OF_OTHER_COMPONENTS,,,not-available,DENIED,READ_RESPONSE,refused,DENIED
A0-EE,0x20EE,RemoteControl.IN_SOFTWARE_INSTALLATION_STATE,,,command (not tested),,,,DENIED
A0-EF,0x20EF,RemoteControl.BATTERY2_UDS_IDENTIFICATION_DATA,,,supported-empty,,READ_RESPONSE,supported-empty,value
A0-F0,0x20F0,RemoteControl.OVERWRITE_SOFTWARE_UPDATE_FINALIZE_BEHAVIOUR,,,command (not tested),,,,value
A0-F1,0x20F1,RemoteControl.BOOTLOADER_ERROR_STATES,,,value,,READ_RESPONSE,value,value
A0-F2,0x20F2,RemoteControl.REFRESH_SOFTWARE_INSTALLATION_COMPONENT_INFORMATION,,,command (not tested),,,,value
A0-F3,0x20F3,RemoteControl.REFRESH_SOFTWARE_INSTALLATION_COMPONENT_INFORMATION_STATUS,,yes,command (not tested),,,,value
A0-F4,0x20F4,RemoteControl.STORED_SOFTWARE_UPDATE_STATUS,,yes,value,,READ_RESPONSE,value,value
A0-F5,0x20F5,RemoteControl.STORED_BOOTLOADER_ERROR_STATES,,,value,,READ_RESPONSE,value,value
A0-F6,0x20F6,RemoteControl.UPDATE_PLAN_INFO,,,supported-empty,,READ_RESPONSE,supported-empty,value
A0-F7,0x20F7,RemoteControl.STORED_CONTAINER_ERROR_INFO,,,supported-empty,,READ_RESPONSE,supported-empty,value
A0-F8,0x20F8,RemoteControl.COMPONENT_IDENTIFIER_READ_ERROR_INFO,,,supported-empty,,READ_RESPONSE,supported-empty,value
A0-F9,0x20F9,RemoteControl.STORED_COMPONENT_UNEXPECTED_RESTART_ERROR_INFO,,,command (not tested),,,,value
A0-FA,0x20FA,RemoteControl.STORED_UPDATE_STUCK_ERROR_INFO,,,supported-empty,,READ_RESPONSE,supported-empty,value
A0-FB,0x20FB,RemoteControl.INIT_INSTALLATION_REPORT_CREATION,,,command (not tested),,,,UNSUPPORTED
A1-01,0x2101,RemoteControl.REMOTE_CONTROL_FEATURE_PROPERTIES_RELEASE1,,yes,value,,READ_RESPONSE,value,value
A1-03,0x2103,RemoteControl.COMPONENT_LOCKED,,,not-available,DENIED,READ_RESPONSE,refused,NOT_READY
A1-04,0x2104,RemoteControl.COMPONENT_LOCK_CONFIGURATION,,,not-available,DENIED,READ_RESPONSE,refused,DENIED
A1-05,0x2105,RemoteControl.SYSTEM_LOCKED,,yes,supported-empty,,READ_RESPONSE,supported-empty,value
A1-06,0x2106,RemoteControl.RESET_INACTIVITY_SHUTDOWN_TIMER,,,command (not tested),,,,value
A1-07,0x2107,RemoteControl.SYSTEM_LOCK_FEATURE_ENABLED,,yes,command (not tested),,,,value
A1-08,0x2108,RemoteControl.REMOTE_CONTROL_FEATURE_PROPERTIES_RELEASE2,,yes,value,,READ_RESPONSE,value,value
A1-09,0x2109,RemoteControl.REMOTE_CONTROL_FEATURE_PROPERTIES_RELEASE3,,yes,value,,READ_RESPONSE,value,value
A1-0A,0x210A,RemoteControl.REMOTE_CONTROL_FEATURE_PROPERTIES_RELEASE4,,yes,value,,READ_RESPONSE,value,value
A1-0B,0x210B,RemoteControl.REMOTE_CONTROL_STATIC_FEATURE_PROPERTIES,,yes,value,,READ_RESPONSE,value,value
A1-0C,0x210C,RemoteControl.SNOOZE_STATE,,yes,supported-empty,,READ_RESPONSE,supported-empty,timeout
A1-0D,0x210D,RemoteControl.LEAVE_SNOOZE,,,not-available,DENIED,READ_RESPONSE,refused,DENIED
A1-0E,0x210E,RemoteControl.HEART_RATE,bpm,yes,supported-empty,,READ_RESPONSE,supported-empty,DENIED
A1-0F,0x210F,RemoteControl.HEART_RATE_STATUS,,yes,supported-empty,,READ_RESPONSE,supported-empty,DENIED
A1-11,0x2111,RemoteControl.SET_SYSTEM_WAKE_UP_REASON,,,command (not tested),,,,DENIED
A1-12,0x2112,RemoteControl.RANGE_CONTROL_ACTIVE,,,supported-empty,,WRITE_RESPONSE,supported-empty,DENIED
A1-13,0x2113,RemoteControl.TOGGLE_BIKE_LIGHT,,,not-available,DENIED,READ_RESPONSE,refused,DENIED
A1-15,0x2115,RemoteControl.UNLOCK_COMPONENT,,,not-available,DENIED,READ_RESPONSE,refused,DENIED
A1-16,0x2116,RemoteControl.REQUEST_MOTOR_SUPPORT_PROHIBITION,,,command (not tested),,,,DENIED
A1-17,0x2117,RemoteControl.BATTERY_HOT_PLUGOUT,,,not-available,DENIED,READ_RESPONSE,refused,DENIED
A1-21,0x2121,RemoteControl.EXECUTE_INFORMATION_MANAGER_COMMAND_RIDER,,yes,command (not tested),,RPC_RESPONSE,value,DENIED
A1-22,0x2122,RemoteControl.REPORT_ISSUE,,,not-available,DENIED,READ_RESPONSE,refused,DENIED
A1-23,0x2123,RemoteControl.ISSUE_EVENT,,,not-available,DENIED,READ_RESPONSE,refused,DENIED
A1-24,0x2124,RemoteControl.ISSUE_VISUALIZATION_EVENT,,yes,not-available,UNSUPPORTED,READ_RESPONSE,refused,DENIED
A1-25,0x2125,RemoteControl.EXECUTE_INFORMATION_MANAGER_COMMAND_IBD,,,command (not tested),,,,value
A1-26,0x2126,RemoteControl.EXECUTE_INFORMATION_MANAGER_COMMAND_OEM,,,command (not tested),,,,value
A1-27,0x2127,RemoteControl.EXECUTE_INFORMATION_MANAGER_COMMAND_SP,,,command (not tested),,,,value
A1-28,0x2128,RemoteControl.EXECUTE_INFORMATION_MANAGER_COMMAND_BOSCH,,,command (not tested),,,,value
A1-29,0x2129,RemoteControl.ALL_ISSUE_VISUALIZATION_EVENTS,,,supported-empty,,READ_RESPONSE,supported-empty,DENIED
A1-41,0x2141,RemoteControl.AMBIENT_BRIGHTNESS,,,value,,READ_RESPONSE,value,value
A1-51,0x2151,RemoteControl.ACTIVE_ISSUE_VISUALIZATION_EVENT,,yes,value,,READ_RESPONSE,value,DENIED
A1-52,0x2152,RemoteControl.REPORT_ISSUE_VISUALIZATION_EVENT,,,not-available,DENIED,READ_RESPONSE,refused,timeout
A1-53,0x2153,RemoteControl.ACKNOWLEDGE_ISSUE_VISUALIZATION_EVENT,,,not-available,UNSUPPORTED,READ_RESPONSE,refused,DENIED
A1-61,0x2161,RemoteControl.GEAR_PROPERTIES,,yes,supported-empty,,READ_RESPONSE,supported-empty,value
A1-62,0x2162,RemoteControl.GEAR_CADENCE_LIMITS,,yes,value,,READ_RESPONSE,value,value
A1-63,0x2163,RemoteControl.CURRENT_GEAR_OR_RATIO,,yes,supported-empty,,READ_RESPONSE,supported-empty,value
A1-64,0x2164,RemoteControl.SHIFT_REQUEST,,,not-available,DENIED,READ_RESPONSE,refused,DENIED
A1-65,0x2165,RemoteControl.CURRENT_GEAR_CADENCE_SETPOINT,,yes,value,,READ_RESPONSE,value,value
A1-66,0x2166,RemoteControl.DESIRED_GEAR_CADENCE_SETPOINT,,,not-available,UNSUPPORTED,READ_RESPONSE,refused,value
A1-68,0x2168,RemoteControl.AUTO_DOWN_SHIFT_RECOMMENDATION,,,not-available,DENIED,READ_RESPONSE,refused,DENIED
A1-69,0x2169,RemoteControl.GEAR_CAN_DEVICE_INFORMATION,,yes,command (not tested),,,,value
A1-6A,0x216A,RemoteControl.E_SHIFT_AVAILABLE,,yes,supported-empty,,READ_RESPONSE,supported-empty,value
A1-6B,0x216B,RemoteControl.E_SHIFT_AVAILABLE_AT_SOME_POINT,,yes,supported-empty,,READ_RESPONSE,supported-empty,value
A1-6C,0x216C,RemoteControl.E_SHIFT_CAN_AVAILABLE,,,not-available,DENIED,READ_RESPONSE,refused,DENIED
A1-6D,0x216D,RemoteControl.E_SHIFT_BLE_AVAILABLE,,,not-available,DENIED,READ_RESPONSE,refused,DENIED
A1-6E,0x216E,RemoteControl.MOTOR_INTERACTION_REQUEST,,,not-available,DENIED,READ_RESPONSE,refused,DENIED
A1-6F,0x216F,RemoteControl.E_SHIFT_OPERATION_MODE_REQUEST,,,not-available,DENIED,READ_RESPONSE,refused,DENIED
A1-70,0x2170,RemoteControl.CURRENT_E_SHIFT_OPERATION_MODE,,,not-available,DENIED,READ_RESPONSE,refused,DENIED
A1-71,0x2171,RemoteControl.FINE_ADJUSTMENT_STEP_REQUEST,,,not-available,DENIED,READ_RESPONSE,refused,DENIED
A1-72,0x2172,RemoteControl.CURRENT_FINE_ADJUSTMENT_STEP,,,not-available,DENIED,READ_RESPONSE,refused,DENIED
A1-73,0x2173,RemoteControl.SHIFT_MODE,,yes,not-available,NOT_READY,READ_RESPONSE,refused,DENIED
A1-74,0x2174,RemoteControl.AUTOMATIC_SHIFT_FEEDBACK,,,not-available,DENIED,READ_RESPONSE,refused,DENIED
A1-76,0x2176,RemoteControl.E_SHIFT_CAPABILITIES_FOR_RIDER,,yes,value,,READ_RESPONSE,value,value
A1-77,0x2177,RemoteControl.SHIFT_CONFIGURATION,,yes,supported-empty,,READ_RESPONSE,supported-empty,value
A1-78,0x2178,RemoteControl.E_SHIFT_FEATURE_FLAGS,,,not-available,DENIED,READ_RESPONSE,refused,DENIED
A1-79,0x2179,RemoteControl.E_BIKE_FEATURE_FLAGS_FOR_E_SHIFT,,,not-available,DENIED,READ_RESPONSE,refused,DENIED
A1-7A,0x217A,RemoteControl.E_SHIFT_IS_READY_TO_SHUTDOWN,,,command (not tested),,,,DENIED
A1-7B,0x217B,RemoteControl.HANDLE_SHIFTER_EVENT,,,not-available,DENIED,READ_RESPONSE,refused,timeout
A1-7C,0x217C,RemoteControl.SHIFT_CONFIGURATION_LIMITS,,yes,supported-empty,,READ_RESPONSE,supported-empty,value
A1-7D,0x217D,RemoteControl.THIRD_PARTY_SERVICE_MODE_ACTIVE,,,not-available,DENIED,READ_RESPONSE,refused,value
A1-81,0x2181,RemoteControl.LANGUAGE,,yes,value,,READ_RESPONSE,value,value
A1-82,0x2182,RemoteControl.UNITS,,yes,value,,READ_RESPONSE,value,value
A1-83,0x2183,RemoteControl.TIME_FORMAT,,yes,value,,WRITE_RESPONSE,supported-empty,value
A1-84,0x2184,RemoteControl.BIKE_ID,,,value,,READ_RESPONSE,value,value
A1-85,0x2185,RemoteControl.SERVICE_DUE,,yes,supported-empty,,READ_RESPONSE,supported-empty,value
A1-86,0x2186,RemoteControl.BIKE_NAME,,yes,value,,READ_RESPONSE,value,DENIED
A1-97,0x2197,RemoteControl.HEAD_UNIT_AVAILABLE_AT_SOME_POINT,,,not-available,DENIED,READ_RESPONSE,refused,value
A1-98,0x2198,RemoteControl.MAXIMUM_BATTERIES_AVAILABLE_AT_SOME_POINT,,,value,,READ_RESPONSE,value,value
A1-99,0x2199,RemoteControl.CONNECT_MODULE_AVAILABLE_AT_SOME_POINT,,,not-available,DENIED,READ_RESPONSE,refused,value
A1-9B,0x219B,RemoteControl.LOCK_SOUND_ENABLED,,yes,value,,,,DENIED
A1-9C,0x219C,RemoteControl.LED_BRIGHTNESS_CONFIGURATION,,,not-available,DENIED,READ_RESPONSE,refused,value
A1-9D,0x219D,RemoteControl.AVAILABLE_CONFIGURATION_BACKUP_SLOTS,,,not-available,DENIED,READ_RESPONSE,refused,value
A1-9E,0x219E,RemoteControl.STORE_CONFIGURATION_BACKUP_RECORD,,,not-available,DENIED,READ_RESPONSE,refused,value
A1-9F,0x219F,RemoteControl.LOAD_CONFIGURATION_BACKUP_RECORD,,,not-available,DENIED,READ_RESPONSE,refused,value
A1-A0,0x21A0,RemoteControl.DEBUG_FEATURES,,,not-available,DENIED,READ_RESPONSE,refused,DENIED
A1-A2,0x21A2,RemoteControl.AUTO_BIKE_LIGHT_CONFIGURATION,,,not-available,DENIED,READ_RESPONSE,refused,DENIED
A1-A7,0x21A7,RemoteControl.LOGGER_CONFIG,,,not-available,DENIED,READ_RESPONSE,refused,DENIED
A1-C1,0x21C1,RemoteControl.INTERNAL_BATTERY_VOLTAGE,,,value,,READ_RESPONSE,value,value
A1-C4,0x21C4,RemoteControl.USB_POWER_AVAILABLE,,,not-available,DENIED,READ_RESPONSE,refused,DENIED
A1-C5,0x21C5,RemoteControl.INTERNAL_BATTERY_TEMPERATURE,,,value,,READ_RESPONSE,value,value
A1-C6,0x21C6,RemoteControl.PCB_TEMPERATURE,,,value,,READ_RESPONSE,value,value
A1-C8,0x21C8,RemoteControl.USB_CHARGING_ACTIVE,,,not-available,DENIED,READ_RESPONSE,refused,DENIED
A1-C9,0x21C9,RemoteControl.REMAINING_BRC_BATTERY_CHARGING_TIME,,,supported-empty,,READ_RESPONSE,supported-empty,value
A1-CA,0x21CA,RemoteControl.MAXIMUM_ALLOWED_U_S_B_CHARGING_POWER,,,not-available,DENIED,READ_RESPONSE,refused,value
A1-CB,0x21CB,RemoteControl.POWER_MANAGEMENT_INFORMATION,,,command (not tested),,,,DENIED
A1-CC,0x21CC,RemoteControl.MAXIMUM_ALLOWED_BRC_HMI_PORT_CURRENT,mA,,not-available,DENIED,READ_RESPONSE,refused,DENIED
A2-01,0x2201,RemoteControl.MOBILE_APPLICATION_AVAILABLE,,,not-available,DENIED,READ_RESPONSE,refused,DENIED
A2-02,0x2202,RemoteControl.BLE_ENABLED,,,command (not tested),,,,value
A2-03,0x2203,RemoteControl.BLE_CENTRAL_SCANNING_ENABLED,,,command (not tested),,,,value
A2-04,0x2204,RemoteControl.BLE_CENTRAL_SCAN_RESULTS,,,not-available,UNSUPPORTED,READ_RESPONSE,refused,value
A2-05,0x2205,RemoteControl.BLE_PERIPHERAL_PAIRING_ENABLED,,,command (not tested),,,,value
A2-06,0x2206,RemoteControl.BLE_DEVICE_ADDRESS,,,not-available,DENIED,READ_RESPONSE,refused,value
A2-07,0x2207,RemoteControl.BLE_PERIPHERAL_CONNECTION_PARAMETERS,,,not-available,DENIED,READ_RESPONSE,refused,DENIED
A2-08,0x2208,RemoteControl.BLE_CENTRAL_BOOKMARK,,,not-available,UNSUPPORTED,READ_RESPONSE,refused,value
A2-09,0x2209,RemoteControl.BLE_CENTRAL_UNBOOKMARK,,,not-available,UNSUPPORTED,READ_RESPONSE,refused,value
A2-0A,0x220A,RemoteControl.BLE_CENTRAL_CONNECT,,,not-available,UNSUPPORTED,READ_RESPONSE,refused,value
A2-0B,0x220B,RemoteControl.BLE_CENTRAL_DISCONNECT,,,not-available,UNSUPPORTED,READ_RESPONSE,refused,value
A2-0C,0x220C,RemoteControl.CONFIGURED_SMARTPHONES,,,not-available,DENIED,READ_RESPONSE,refused,DENIED
A2-0D,0x220D,RemoteControl.BLE_BUTTON_EVENT,,,not-available,DENIED,READ_RESPONSE,refused,DENIED
A2-0E,0x220E,RemoteControl.BLE_AVAILABLE_BUTTONS,,,not-available,DENIED,READ_RESPONSE,refused,DENIED
A2-0F,0x220F,RemoteControl.BLE_CENTRAL_GET_AVAILABLE_DATABASE_SLOTS,,,value,,READ_RESPONSE,value,value
A2-10,0x2210,RemoteControl.BLE_CENTRAL_DATABASE,,yes,value,,READ_RESPONSE,value,value
A2-11,0x2211,RemoteControl.BLE_CENTRAL_CLEAR_DATABASE,,,command (not tested),,,,value
A2-12,0x2212,RemoteControl.BLE_PERIPHERAL_GET_AVAILABLE_DATABASE_SLOTS,,,not-available,DENIED,READ_RESPONSE,refused,value
A2-13,0x2213,RemoteControl.BLE_PERIPHERAL_GET_DATABASE_ENTRY,,,not-available,DENIED,READ_RESPONSE,refused,value
A2-14,0x2214,RemoteControl.BLE_PERIPHERAL_DATABASE_ENTRY_UPDATED,,,not-available,DENIED,READ_RESPONSE,refused,value
A2-15,0x2215,RemoteControl.BLE_PERIPHERAL_RSSI_POLLING_ENABLED,,,command (not tested),,,,value
A2-16,0x2216,RemoteControl.BLE_CENTRAL_SCAN_FILTER,,,value,,READ_RESPONSE,value,value
A2-17,0x2217,RemoteControl.BLE_CENTRAL_RSSI_CHANGED,,,not-available,UNSUPPORTED,READ_RESPONSE,refused,value
A2-18,0x2218,RemoteControl.BLE_CENTRAL_ENABLE_AUTO_RECONNECT,,,command (not tested),,,,value
A2-19,0x2219,RemoteControl.BLE_CENTRAL_DISABLE_AUTO_RECONNECT,,,command (not tested),,,,value
A2-1A,0x221A,RemoteControl.BLE_CENTRAL_GET_CONNECTION_DATA,,yes,not-available,UNSUPPORTED,READ_RESPONSE,refused,value
A2-1B,0x221B,RemoteControl.BLE_CENTRAL_GET_CONFIGURATION_DATA,,yes,not-available,UNSUPPORTED,READ_RESPONSE,refused,value
A2-1C,0x221C,RemoteControl.BLE_CENTRAL_CONNECTION_DATA_CHANGED,,yes,not-available,UNSUPPORTED,READ_RESPONSE,refused,value
A2-1D,0x221D,RemoteControl.BLE_CENTRAL_CONFIGURATION_DATA_CHANGED,,yes,not-available,UNSUPPORTED,READ_RESPONSE,refused,value
A2-1E,0x221E,RemoteControl.BLE_CENTRAL_GET_DEVICE_INFORMATION_SERVICE,,yes,command (not tested),,RPC_RESPONSE,value,value
A2-1F,0x221F,RemoteControl.BLE_CENTRAL_GET_BOSCH_DEVICE_INFORMATION_SERVICE,,yes,command (not tested),,RPC_RESPONSE,value,value
A2-20,0x2220,RemoteControl.BLE_CENTRAL_GET_BATTERY_SERVICE,,yes,not-available,UNSUPPORTED,READ_RESPONSE,refused,value
A2-21,0x2221,RemoteControl.BLE_CENTRAL_BATTERY_SERVICE_CHANGED,,yes,not-available,UNSUPPORTED,READ_RESPONSE,refused,value
A2-22,0x2222,RemoteControl.BLE_CENTRAL_RSSI_POLLING_ENABLED,,,command (not tested),,,,NOT_READY
A2-23,0x2223,RemoteControl.BLE_CENTRAL_GET_PERIPHERAL_FOR_BUTTON_DEVICE,,,not-available,DENIED,READ_RESPONSE,refused,value
A2-24,0x2224,RemoteControl.BLE_CENTRAL_GET_INITIALIZATION_STATE,,,not-available,DENIED,READ_RESPONSE,refused,value
A2-25,0x2225,RemoteControl.BLE_CENTRAL_INITIALIZATION_STATE_CHANGED,,,not-available,DENIED,READ_RESPONSE,refused,value
A2-26,0x2226,RemoteControl.BLE_CENTRAL_VISUALIZABLE_ISSUE_TYPES,,,not-available,DENIED,READ_RESPONSE,refused,DENIED
A2-27,0x2227,RemoteControl.BLE_CENTRAL_UPDATE_ISSUE_VISUALIZATION,,,not-available,DENIED,READ_RESPONSE,refused,DENIED
A2-28,0x2228,RemoteControl.BLE_HEART_RATE,bpm,,not-available,DENIED,READ_RESPONSE,refused,DENIED
A2-29,0x2229,RemoteControl.BLE_HEART_RATE_STATUS,,,not-available,DENIED,READ_RESPONSE,refused,DENIED
A2-2A,0x222A,RemoteControl.BLE_SHIFTER_READY,,,not-available,DENIED,READ_RESPONSE,refused,DENIED
A2-41,0x2241,RemoteControl.ACTIVITY_ID,,yes,value,,READ_RESPONSE,value,DENIED
A2-42,0x2242,RemoteControl.START_TIME_OF_ACTIVITY,s,yes,command (not tested),,,,DENIED
A2-43,0x2243,RemoteControl.DURATION_WITHOUT_STOPS_OF_ACTIVITY,s,yes,supported-empty,,READ_RESPONSE,supported-empty,DENIED
A2-44,0x2244,RemoteControl.TIME_ZONE_OF_ACTIVITY,min,yes,value,,READ_RESPONSE,value,DENIED
A2-45,0x2245,RemoteControl.START_ODOMETER_OF_ACTIVITY,m,yes,command (not tested),,,,DENIED
A2-46,0x2246,RemoteControl.AVERAGE_SPEED,km/h,yes,supported-empty,,READ_RESPONSE,supported-empty,DENIED
A2-48,0x2248,RemoteControl.AVERAGE_CADENCE,rpm,yes,supported-empty,,READ_RESPONSE,supported-empty,DENIED
A2-49,0x2249,RemoteControl.MAXIMUM_CADENCE,rpm,yes,supported-empty,,READ_RESPONSE,supported-empty,DENIED
A2-4A,0x224A,RemoteControl.AVERAGE_RIDER_POWER,W,yes,supported-empty,,READ_RESPONSE,supported-empty,DENIED
A2-4B,0x224B,RemoteControl.MAXIMUM_RIDER_POWER,W,yes,supported-empty,,READ_RESPONSE,supported-empty,DENIED
A2-4C,0x224C,RemoteControl.AVERAGE_HEART_RATE,bpm,yes,value,,READ_RESPONSE,value,DENIED
A2-4D,0x224D,RemoteControl.MAXIMUM_HEART_RATE,bpm,yes,value,,READ_RESPONSE,value,DENIED
A2-4E,0x224E,RemoteControl.ENERGY_CONSUMED,Wh,,not-available,NO_ROUTE_FOUND,READ_RESPONSE,refused,DENIED
A2-4F,0x224F,RemoteControl.RESET_ACTIVITY,,,command (not tested),,,,DENIED
A2-50,0x2250,RemoteControl.AUTOMATIC_ACTIVITY_RESET,,yes,value,,,,DENIED
A2-51,0x2251,RemoteControl.CALORIES_CONSUMED,kcal,yes,supported-empty,,READ_RESPONSE,supported-empty,DENIED
A2-52,0x2252,RemoteControl.ASSIST_MODE_USAGE_TOTAL,,yes,value,,READ_RESPONSE,value,DENIED
A2-53,0x2253,RemoteControl.ASSIST_MODE_USAGE_WITH_MOTOR_SUPPORT_ACTIVE,,,value,,READ_RESPONSE,value,DENIED
A2-54,0x2254,RemoteControl.RIDER_ENERGY_SHARE,%,yes,supported-empty,,READ_RESPONSE,supported-empty,DENIED
A2-55,0x2255,RemoteControl.BRAKE_EVENTS,,yes,value,,READ_RESPONSE,value,DENIED
A2-56,0x2256,RemoteControl.TRICK_STATS,,yes,supported-empty,,READ_RESPONSE,supported-empty,DENIED
A2-80,0x2280,RemoteControl.DEBUG_TAKE_SCREENSHOT,,,not-available,DENIED,READ_RESPONSE,refused,DENIED
A2-81,0x2281,RemoteControl.LED_PATTERN_HISTORY,,,not-available,DENIED,READ_RESPONSE,refused,DENIED
A2-82,0x2282,RemoteControl.SUPPORTED_TILE_IDS,,,not-available,,SUBSCRIBE_RESPONSE,supported-empty,DENIED
A2-83,0x2283,RemoteControl.FEATURE_STREAMING_OPTION_GROUP,,,not-available,NO_ROUTE_FOUND,READ_RESPONSE,refused,DENIED
A2-85,0x2285,RemoteControl.TEST_UI_FEATURE_PROPERTIES,,,not-available,DENIED,READ_RESPONSE,refused,DENIED
A2-86,0x2286,RemoteControl.SUPPORTED_TILE_SIZES,,,not-available,NO_ROUTE_FOUND,READ_RESPONSE,refused,DENIED
A2-87,0x2287,RemoteControl.SOUNDS_VOLUME_LEVEL,,,not-available,NO_ROUTE_FOUND,READ_RESPONSE,refused,NO_ROUTE_FOUND
A2-88,0x2288,RemoteControl.BUZZER,,,not-available,DENIED,READ_RESPONSE,refused,DENIED
A2-89,0x2289,RemoteControl.PLAY_SOUND,,,not-available,NO_ROUTE_FOUND,READ_RESPONSE,refused,value
A2-8A,0x228A,RemoteControl.DISPLAY_GENERIC_TEXT,,,not-available,DENIED,READ_RESPONSE,refused,DENIED
A2-8B,0x228B,RemoteControl.RESET_DISPLAY_VALUES,,,command (not tested),,,,DENIED
A2-C1,0x22C1,RemoteControl.UPLOAD_READINESS,,yes,value,,READ_RESPONSE,value,value
A2-C2,0x22C2,RemoteControl.UPLOAD_RESOURCE_METADATA,,yes,not-available,UNSUPPORTED,READ_RESPONSE,refused,value
A2-C3,0x22C3,RemoteControl.UPLOAD_RESOURCE,,yes,not-available,UNSUPPORTED,READ_RESPONSE,refused,value
A2-C4,0x22C4,RemoteControl.REQUEST_TRUSTED_DATA_PACK,,,command (not tested),,,,DENIED
A2-C5,0x22C5,RemoteControl.TRUSTED_DATA_PACK_AVAILABLE,,,supported-empty,,READ_RESPONSE,supported-empty,DENIED
A3-05,0x2305,RemoteControl.THIRD_PARTY_DEVICE_IN_FULL_POWER_MODE,,,not-available,DENIED,READ_RESPONSE,refused,DENIED
A3-13,0x2313,RemoteControl.X_ABS_BRAKE_EVENT,,,not-available,DENIED,READ_RESPONSE,refused,DENIED
A3-14,0x2314,RemoteControl.X_ABS_BRAKE_DURATION_OF_LAST_BRAKE_EVENT,ms,,not-available,DENIED,READ_RESPONSE,refused,DENIED
A3-15,0x2315,RemoteControl.X_ABS_BRAKE_DISTANCE_OF_LAST_BRAKE_EVENT,,,not-available,DENIED,READ_RESPONSE,refused,DENIED
A3-16,0x2316,RemoteControl.X_ABS_DYNAMIC_FEATURE_PROPERTIES,,yes,supported-empty,,READ_RESPONSE,supported-empty,DENIED
A3-17,0x2317,RemoteControl.X_ABS_AVAILABLE_ABS_MODE_ICONS,,,not-available,DENIED,READ_RESPONSE,refused,DENIED
A3-18,0x2318,RemoteControl.X_ABS_AVAILABLE_ABS_MODES,,,not-available,DENIED,READ_RESPONSE,refused,DENIED
A3-19,0x2319,RemoteControl.X_ABS_CURRENT_ABS_MODE,,,not-available,DENIED,READ_RESPONSE,refused,DENIED
A3-21,0x2321,RemoteControl.SIGNAL_LAMP_REQUIRED,,,not-available,DENIED,READ_RESPONSE,refused,DENIED
A3-22,0x2322,RemoteControl.SIGNAL_LAMP_CONTROL,,,not-available,DENIED,READ_RESPONSE,refused,DENIED
A3-31,0x2331,RemoteControl.DEVICE_AVAILABILITY,,,supported-empty,,READ_RESPONSE,supported-empty,value
A3-32,0x2332,RemoteControl.DEVICE_DATABASE,,,supported-empty,,READ_RESPONSE,supported-empty,value
A3-33,0x2333,RemoteControl.REMOVE_DEVICE,,,not-available,UNSUPPORTED,READ_RESPONSE,refused,value
A3-34,0x2334,RemoteControl.GET_DEVICE_INFORMATION,,,command (not tested),,,,value
A8-11,0x2811,CanTestNode.BATTERY1_AVAILABLE,,,not-available,DENIED,READ_RESPONSE,refused,DENIED
A8-12,0x2812,CanTestNode.DRIVE_UNIT_AVAILABLE,,,not-available,DENIED,READ_RESPONSE,refused,DENIED
A8-13,0x2813,CanTestNode.REMOTE_CONTROL_AVAILABLE,,,not-available,DENIED,READ_RESPONSE,refused,DENIED
A8-14,0x2814,CanTestNode.BATTERY2_AVAILABLE,,,not-available,DENIED,READ_RESPONSE,refused,DENIED
C0-81,0x4081,MobileApp.UI_PRIORITY,,,not-available,DENIED,READ_RESPONSE,refused,DENIED
C0-82,0x4082,MobileApp.FEATURE_STREAMING_ALERT,,,not-available,DENIED,READ_RESPONSE,refused,DENIED
C0-83,0x4083,MobileApp.FEATURE_STREAMING_ALERT_RESPONSE,,,not-available,DENIED,READ_RESPONSE,refused,DENIED
C0-84,0x4084,MobileApp.FEATURE_STREAMING_OPTION_RESPONSE,,,not-available,DENIED,READ_RESPONSE,refused,DENIED
C0-85,0x4085,MobileApp.ALTITUDE,m,,not-tested,,,no-response,DENIED
C0-86,0x4086,MobileApp.MAXIMUM_ALTITUDE,m,,not-available,DENIED,READ_RESPONSE,refused,DENIED
C0-87,0x4087,MobileApp.ASCENT,m,,not-available,DENIED,READ_RESPONSE,refused,DENIED
C0-88,0x4088,MobileApp.DESCENT,m,,not-available,DENIED,READ_RESPONSE,refused,DENIED
C0-89,0x4089,MobileApp.STATE_OF_CHARGE,%,,not-available,DENIED,READ_RESPONSE,refused,DENIED
C0-8A,0x408A,MobileApp.ROAD_SLOPE,%,,not-available,DENIED,READ_RESPONSE,refused,DENIED
C0-8B,0x408B,MobileApp.CURRENT_COUNTRY,,,not-available,DENIED,READ_RESPONSE,refused,DENIED
C0-91,0x4091,MobileApp.SOFTWARE_VERSION,,,not-tested,,,no-response,DENIED
C0-92,0x4092,MobileApp.DATA_MODEL_VERSION,,,not-available,DENIED,READ_RESPONSE,refused,DENIED
C0-93,0x4093,MobileApp.MESSAGE_BUS_BUSINESS_LOGIC_VERSION,,,not-available,DENIED,READ_RESPONSE,refused,DENIED
C0-94,0x4094,MobileApp.HEART_RATE,bpm,,not-available,DENIED,READ_RESPONSE,refused,DENIED
C0-95,0x4095,MobileApp.HEART_RATE_STATUS,,,not-available,DENIED,READ_RESPONSE,refused,DENIED
C0-96,0x4096,MobileApp.NAVIGATION_CURRENT_STATUS,,,not-available,DENIED,READ_RESPONSE,refused,DENIED
C0-97,0x4097,MobileApp.NAVIGATION_DISTANCE_TO_DESTINATION,m,,not-available,DENIED,READ_RESPONSE,refused,DENIED
C0-98,0x4098,MobileApp.NAVIGATION_ETA,,,not-available,DENIED,READ_RESPONSE,refused,DENIED
C0-99,0x4099,MobileApp.NAVIGATION_TIME_TO_DESTINATION,s,,not-available,DENIED,READ_RESPONSE,refused,DENIED
C0-9A,0x409A,MobileApp.ALTITUDE_GRAPH_AVAILABLE_SAMPLES,,,not-available,DENIED,READ_RESPONSE,refused,DENIED
C0-9B,0x409B,MobileApp.GET_ALTITUDE_GRAPH,,,not-available,DENIED,READ_RESPONSE,refused,DENIED
C0-9C,0x409C,MobileApp.UPDATE_ISSUE_VISUALIZATION,,,not-available,DENIED,READ_RESPONSE,refused,DENIED
C0-9D,0x409D,MobileApp.VISUALIZABLE_ISSUE_TYPES,,,not-available,DENIED,READ_RESPONSE,refused,DENIED
C0-9F,0x409F,MobileApp.MOBILE_APP_FEATURE_PROPERTIES_RELEASE4,,,not-available,DENIED,READ_RESPONSE,refused,DENIED
C0-A0,0x40A0,MobileApp.LOCATION,,,not-available,DENIED,READ_RESPONSE,refused,DENIED
C0-A1,0x40A1,MobileApp.NAVIGATION_ADVICE,,,not-available,DENIED,READ_RESPONSE,refused,DENIED
C0-A2,0x40A2,MobileApp.SYSTEM_STATE_OF_CHARGE_FOR_RIDER_AT_DESTINATION,%,,not-tested,,,no-response,DENIED
C0-A3,0x40A3,MobileApp.PHONE_CHARGING,,,not-available,DENIED,READ_RESPONSE,refused,DENIED
C0-A4,0x40A4,MobileApp.USER_INFO,,,not-available,DENIED,READ_RESPONSE,refused,DENIED
C0-A8,0x40A8,MobileApp.SPEED,,,not-tested,,,no-response,DENIED
C0-A9,0x40A9,MobileApp.STARTUP_STAGE,,,not-available,DENIED,READ_RESPONSE,refused,DENIED
C0-AA,0x40AA,MobileApp.MOBILE_APP_STATIC_FEATURE_PROPERTIES,,,not-available,DENIED,READ_RESPONSE,refused,DENIED
C0-AB,0x40AB,MobileApp.CCF_REBOOT_REQUIRED,,,command (not tested),,,,timeout
