id,field,scaling,confidence,note
98-5D,Motor power,watts (direct),verified,event-pushed; OMITS ZEROS - do not integrate raw for energy
98-5B,Rider power,watts (direct),verified,matches LDI field 5
98-14,Rider torque,raw / 20 = Nm,verified_android,r=1.000 vs LDI field 7 (98-14 = 2x LDI-7)
98-15,Motor torque,raw / 20 = Nm,verified,peak = rated torque on two bikes (CX 85.1->85Nm / SX 56.6->55Nm); r=0.93 vs motor power; DriveUnit.MOTOR_TORQUE
98-1D,Road slope,raw (gradient),candidate,DriveUnit.ROAD_SLOPE per bes3-reader registry; small ints 1-62; weak motor-power corr fits gradient not current
80-9C,Delivered energy,Wh (direct monotonic),verified,ride Wh = last - first
80-88,Battery SoC,%,verified,derived from 80-91
98-5A,Cadence,raw / 2 = rpm,verified,boot-session only; else gate on LDI field 2
98-08,Bike speed (true),raw / 100 = km/h,verified,DriveUnit.BIKE_SPEED per registry. Measured identical to 98-2D DISPLAYED_BIKE_SPEED across 113147 paired samples (median ratio 1.000; IQR 1.000-1.001) so this bike adds no display optimism - worth noting because a SPEED_DISPLAY_TOLERANCE field exists in the registry
98-2D,Bike speed (displayed),raw / 100 = km/h,verified,DriveUnit.DISPLAYED_BIKE_SPEED per registry - what the head unit shows. Integrates to odometer within 0.3% (-0.2% measured) and equals 98-08 exactly on this bike; it is the one always present in the stream so it is the practical speed source
98-09,Assist level,0-4,verified,
98-18,Odometer,metres,verified,matches LDI field 12
80-E2,Battery total capacity,raw / 100 = Ah,verified,Battery.TOTAL_CAPACITY per registry; 2113->21.1Ah (750 pack) / 1143->11.4Ah (Nik SX); NOT wheel circ - unchanged across Flow wheel setting
98-29,Rear wheel circumference (user),raw / 10 = mm,verified,DriveUnit.REAR_WHEEL_CIRCUMFERENCE_USER; the Flow wheel setting itself; 98-28 = OEM default; this is where wheel circ actually lives (80-E2 was battery capacity)
98-0C,Assist mode names,n/a,debunked_android,absent on smart system; names arrive on 18-0D
18-0D,Assist mode LONG names (configured),string list,verified,index = 98-09 value (OFF/ECO/TOUR+/eMTB-shortcrank/eMTB+). These are LONG names and the distinction matters: this bike offers TWO eMTB variants as separate assignable modes with different ids sharing the short name eMTB - only the long name separates them (eMTB vs eMTB-shortcrank). Flow shows only one of the two and relabels it plain eMTB so a rider never sees the split. No crank-length field exists anywhere on the bus so neither the bike nor the app can say which variant suits a given crank
98-4E,Assist mode IDs (configured slots),string list,verified_android,e.g. A100M00040 A100MSPIC7
18-68,Assist modes available (LOWER half),id+name pairs,verified,reply echo of request 98-68 = AVAILABLE_ASSIST_MODES_LOWER - NOT the whole catalog: 98-0F is the UPPER half and a mode can be configured while appearing only there. On this bike 98-68 returned 8 (ECO/ECO+/TOUR/TOUR+/eMTB/eMTB+/TURBO/AUTO) and 98-0F the other 2 (SPORT + the second eMTB variant); the full assignable set is the union
18-0E,Per-mode display colors,RGBA varint per mode,verified_android,same order as 18-0D (ECO #78BE20 TOUR+ #00A5D8 eMTB #9643ED TURBO #E20015)
00-9B,Battery name,text,verified,"""PowerTube 750""; extended addressing C0 80 10 before 0A tag"
98-74,Maximum available motor power,three varints (W),verified,MaximumAvailableMotorPower{1 PRODUCT_LINE 2 AVAILABLE_ASSIST_MODES 3 SELECTED_ASSIST_MODE}; f1/f2 = 600 in every capture (the motor ceiling - use f1); f3 VARIES (absent/250/600) so it is not a nameplate - what drives it is unresolved; the earlier "250 W nominal" was f3 misread as a rating
A1-86,Product string,text,verified_android,"""smart system eBike"""
A1-81,Locale,text,verified_android,"e.g. ""en-GB"""
80-8B,Battery pack temperature,zigzag(raw)/10 = C,verified,plain raw/10 reads 2x high (zigzag first); matches Flow presentCellTemperature + registry signed-div10; charge test 22.5->28.6C; internal cell temp so surface-IR fit (0.35*raw-139) superseded
80-D2,Battery FET temperature,zigzag(raw)/10 = C (registry),candidate,request-only (not passive); ~28-35C plausible; Battery.PRESENT_FET_TEMPERATURE
98-84,Drive-unit PCB temperature,zigzag(raw)/10 = C (registry),candidate,request-only; ~23-27C warmer under load; DriveUnit.PRESENT_PCB_TEMPERATURE
A1-C1,Remote internal battery voltage,raw / 1000 = V,candidate,~4.185V; remote's own cell NOT traction pack; only voltage readable over BLE; RemoteControl.INTERNAL_BATTERY_VOLTAGE
80-93,Max allowed discharge current,raw / 1000 = A (mA),verified_android,60000->60.0A protection ceiling; live current 80-94 is USB-only refused over BLE; Battery.MAXIMUM_ALLOWED_DISCHARGE_CURRENT
98-57,Per-mode range estimates,one byte/mode (km),verified_android,identical to LDI field 3; declines with SoC
A2-43,Activity moving time,DURATION_WITHOUT_STOPS_OF_ACTIVITY (unit TBD),candidate,"un-debunked (was wrongly ""not temperature""); auto-pushes during rides"
A2-54,Rider energy share,% of total propulsion energy from rider,verified_android,"native rider-vs-motor split; whole-ride value matches integral 98-5B/(98-5B+cadence-gated 98-5D) within 1-2% on 3 rides (44~43%,36~37%,36~35%); converges over ride"
A2-4A,Average rider power (activity),watts (= 98-5B scale),verified_android,e.g. 181 W
A2-4B,Maximum rider power (activity),watts,verified_android,e.g. 478 W
A2-48,Average cadence (activity),raw / 2 = rpm (= 98-5A),verified_android,174 -> 87 rpm
A2-49,Maximum cadence (activity),raw / 2 = rpm,verified_android,252 -> 126 rpm
A2-46,Average speed (activity),raw / 100 = km/h (= 98-2D),verified_android,2087 -> 20.9 km/h
A2-51,Calories consumed (activity),kcal (Bosch estimate),candidate,101-184 seen; estimate method/accuracy not validated
A2-56,Trick stats,jump/trick detection,candidate,reads 1/2 on some rides; count-vs-enum unconfirmed
80-91,Remaining battery energy,raw / 10 = Wh,verified_android,implied full capacity 724 Wh; battery-out vs 80-9C ~91%
80-92,= 80-91 + 50 always,constant 5 Wh offset,verified_android,
80-C5,exact duplicate of 80-91,n/a,verified_android,
10-90..92,Per-mode tune parameters,support% / max torque / max power,candidate,40/85 Nm; 600 W
